source_table, hadron, target, ref_target, Q2_min, Q2_max, nu_min, nu_max, z_min, z_max, pT2_min, pT2_max, value, stat , syst , flag
I           , pi0   , C     , D         ,   1.0 ,   4.1 ,   2.2 ,   3.2 ,   0.3,   0.4,    0.0 ,    0.1 , 0.875, 0.020, 0.046, 
I           , pi0   , Fe    , D         ,   1.0 ,   4.1 ,   2.2 ,   3.2 ,   0.3,   0.4,    0.0 ,    0.1 , 0.616, 0.012, 0.033, 
I           , pi0   , Pb    , D         ,   1.0 ,   4.1 ,   2.2 ,   3.2 ,   0.3,   0.4,    0.0 ,    0.1 , 0.486, 0.014, 0.027, 
I           , pi0   , C     , D         ,   1.0 ,   4.1 ,   2.2 ,   3.2 ,   0.3,   0.4,    0.1 ,    0.25, 0.841, 0.015, 0.044, 
I           , pi0   , Fe    , D         ,   1.0 ,   4.1 ,   2.2 ,   3.2 ,   0.3,   0.4,    0.1 ,    0.25, 0.614, 0.010, 0.032, 
I           , pi0   , Pb    , D         ,   1.0 ,   4.1 ,   2.2 ,   3.2 ,   0.3,   0.4,    0.1 ,    0.25, 0.456, 0.011, 0.027, 
I           , pi0   , C     , D         ,   1.0 ,   4.1 ,   2.2 ,   3.2 ,   0.3,   0.4,    0.25,    0.4 , 0.872, 0.027, 0.047, 
I           , pi0   , Fe    , D         ,   1.0 ,   4.1 ,   2.2 ,   3.2 ,   0.3,   0.4,    0.25,    0.4 , 0.653, 0.017, 0.033, 
I           , pi0   , Pb    , D         ,   1.0 ,   4.1 ,   2.2 ,   3.2 ,   0.3,   0.4,    0.25,    0.4 , 0.493, 0.019, 0.036, 
I           , pi0   , C     , D         ,   1.0 ,   4.1 ,   2.2 ,   3.2 ,   0.3,   0.4,    0.4 ,    0.55, 1.078, 0.072, 0.066, 
I           , pi0   , Fe    , D         ,   1.0 ,   4.1 ,   2.2 ,   3.2 ,   0.3,   0.4,    0.4 ,    0.55, 0.800, 0.041, 0.039, 
I           , pi0   , Pb    , D         ,   1.0 ,   4.1 ,   2.2 ,   3.2 ,   0.3,   0.4,    0.4 ,    0.55, 0.450, 0.043, 0.029, 
I           , pi0   , C     , D         ,   1.0 ,   4.1 ,   2.2 ,   3.2 ,   0.3,   0.4,    0.55,    0.75, 1.295, 0.248, 0.413, 
I           , pi0   , Fe    , D         ,   1.0 ,   4.1 ,   2.2 ,   3.2 ,   0.3,   0.4,    0.55,    0.75, 1.214, 0.168, 0.148, 
I           , pi0   , Pb    , D         ,   1.0 ,   4.1 ,   2.2 ,   3.2 ,   0.3,   0.4,    0.55,    0.75, 1.106, 0.179, 0.051, 
I           , pi0   , C     , D         ,   1.0 ,   4.1 ,   3.2 ,   3.73,   0.3,   0.4,    0.0 ,    0.1 , 0.917, 0.021, 0.047, 
I           , pi0   , Fe    , D         ,   1.0 ,   4.1 ,   3.2 ,   3.73,   0.3,   0.4,    0.0 ,    0.1 , 0.652, 0.013, 0.033, 
I           , pi0   , Pb    , D         ,   1.0 ,   4.1 ,   3.2 ,   3.73,   0.3,   0.4,    0.0 ,    0.1 , 0.464, 0.014, 0.025, 
I           , pi0   , C     , D         ,   1.0 ,   4.1 ,   3.2 ,   3.73,   0.3,   0.4,    0.1 ,    0.25, 0.879, 0.014, 0.045, 
I           , pi0   , Fe    , D         ,   1.0 ,   4.1 ,   3.2 ,   3.73,   0.3,   0.4,    0.1 ,    0.25, 0.659, 0.009, 0.032, 
I           , pi0   , Pb    , D         ,   1.0 ,   4.1 ,   3.2 ,   3.73,   0.3,   0.4,    0.1 ,    0.25, 0.485, 0.01 , 0.026, 
I           , pi0   , C     , D         ,   1.0 ,   4.1 ,   3.2 ,   3.73,   0.3,   0.4,    0.25,    0.4 , 0.85 , 0.018, 0.044, 
I           , pi0   , Fe    , D         ,   1.0 ,   4.1 ,   3.2 ,   3.73,   0.3,   0.4,    0.25,    0.4 , 0.657, 0.011, 0.032, 
I           , pi0   , Pb    , D         ,   1.0 ,   4.1 ,   3.2 ,   3.73,   0.3,   0.4,    0.25,    0.4 , 0.532, 0.013, 0.029, 
I           , pi0   , C     , D         ,   1.0 ,   4.1 ,   3.2 ,   3.73,   0.3,   0.4,    0.4 ,    0.55, 0.914, 0.032, 0.047, 
I           , pi0   , Fe    , D         ,   1.0 ,   4.1 ,   3.2 ,   3.73,   0.3,   0.4,    0.4 ,    0.55, 0.778, 0.022, 0.038, 
I           , pi0   , Pb    , D         ,   1.0 ,   4.1 ,   3.2 ,   3.73,   0.3,   0.4,    0.4 ,    0.55, 0.582, 0.025, 0.043, 
I           , pi0   , C     , D         ,   1.0 ,   4.1 ,   3.2 ,   3.73,   0.3,   0.4,    0.55,    0.75, 1.156, 0.089, 0.064, 
I           , pi0   , Fe    , D         ,   1.0 ,   4.1 ,   3.2 ,   3.73,   0.3,   0.4,    0.55,    0.75, 1.003, 0.053, 0.057, 
I           , pi0   , Pb    , D         ,   1.0 ,   4.1 ,   3.2 ,   3.73,   0.3,   0.4,    0.55,    0.75, 0.75 , 0.07 , 0.046, 
I           , pi0   , C     , D         ,   1.0 ,   4.1 ,   3.73,   4.25,   0.3,   0.4,    0.0 ,    0.1 , 0.823, 0.023, 0.047, 
I           , pi0   , Fe    , D         ,   1.0 ,   4.1 ,   3.73,   4.25,   0.3,   0.4,    0.0 ,    0.1 , 0.619, 0.015, 0.037, 
I           , pi0   , Pb    , D         ,   1.0 ,   4.1 ,   3.73,   4.25,   0.3,   0.4,    0.0 ,    0.1 , 0.467, 0.017, 0.032, 
I           , pi0   , C     , D         ,   1.0 ,   4.1 ,   3.73,   4.25,   0.3,   0.4,    0.1 ,    0.25, 0.855, 0.016, 0.049, 
I           , pi0   , Fe    , D         ,   1.0 ,   4.1 ,   3.73,   4.25,   0.3,   0.4,    0.1 ,    0.25, 0.609, 0.009, 0.036, 
I           , pi0   , Pb    , D         ,   1.0 ,   4.1 ,   3.73,   4.25,   0.3,   0.4,    0.1 ,    0.25, 0.454, 0.01 , 0.031, 
I           , pi0   , C     , D         ,   1.0 ,   4.1 ,   3.73,   4.25,   0.3,   0.4,    0.25,    0.4 , 0.849, 0.018, 0.048, 
I           , pi0   , Fe    , D         ,   1.0 ,   4.1 ,   3.73,   4.25,   0.3,   0.4,    0.25,    0.4 , 0.649, 0.011, 0.038, 
I           , pi0   , Pb    , D         ,   1.0 ,   4.1 ,   3.73,   4.25,   0.3,   0.4,    0.25,    0.4 , 0.515, 0.013, 0.036, 
I           , pi0   , C     , D         ,   1.0 ,   4.1 ,   3.73,   4.25,   0.3,   0.4,    0.4 ,    0.55, 0.873, 0.026, 0.049, 
I           , pi0   , Fe    , D         ,   1.0 ,   4.1 ,   3.73,   4.25,   0.3,   0.4,    0.4 ,    0.55, 0.686, 0.016, 0.039, 
I           , pi0   , Pb    , D         ,   1.0 ,   4.1 ,   3.73,   4.25,   0.3,   0.4,    0.4 ,    0.55, 0.544, 0.018, 0.04 , 
I           , pi0   , C     , D         ,   1.0 ,   4.1 ,   3.73,   4.25,   0.3,   0.4,    0.55,    0.75, 0.937, 0.042, 0.07 , 
I           , pi0   , Fe    , D         ,   1.0 ,   4.1 ,   3.73,   4.25,   0.3,   0.4,    0.55,    0.75, 0.917, 0.033, 0.049, 
I           , pi0   , Pb    , D         ,   1.0 ,   4.1 ,   3.73,   4.25,   0.3,   0.4,    0.55,    0.75, 0.755, 0.038, 0.042, 
I           , pi0   , C     , D         ,   1.0 ,   4.1 ,   3.73,   4.25,   0.3,   0.4,    0.75,    1.5 , 1.411, 0.185, 0.1  , 
I           , pi0   , Fe    , D         ,   1.0 ,   4.1 ,   3.73,   4.25,   0.3,   0.4,    0.75,    1.5 , 1.566, 0.151, 0.077, 
I           , pi0   , Pb    , D         ,   1.0 ,   4.1 ,   3.73,   4.25,   0.3,   0.4,    0.75,    1.5 , 0.82 , 0.123, 0.181, 
I           , pi0   , C     , D         ,   1.0 ,   4.1 ,   2.2 ,   3.2 ,   0.4,   0.5,    0.0 ,    0.1 , 0.833, 0.021, 0.048, 
I           , pi0   , Fe    , D         ,   1.0 ,   4.1 ,   2.2 ,   3.2 ,   0.4,   0.5,    0.0 ,    0.1 , 0.627, 0.014, 0.038, 
I           , pi0   , Pb    , D         ,   1.0 ,   4.1 ,   2.2 ,   3.2 ,   0.4,   0.5,    0.0 ,    0.1 , 0.447, 0.015, 0.03 , 
I           , pi0   , C     , D         ,   1.0 ,   4.1 ,   2.2 ,   3.2 ,   0.4,   0.5,    0.1 ,    0.25, 0.843, 0.017, 0.048, 
I           , pi0   , Fe    , D         ,   1.0 ,   4.1 ,   2.2 ,   3.2 ,   0.4,   0.5,    0.1 ,    0.25, 0.617, 0.011, 0.036, 
I           , pi0   , Pb    , D         ,   1.0 ,   4.1 ,   2.2 ,   3.2 ,   0.4,   0.5,    0.1 ,    0.25, 0.461, 0.012, 0.032, 
I           , pi0   , C     , D         ,   1.0 ,   4.1 ,   2.2 ,   3.2 ,   0.4,   0.5,    0.25,    0.4 , 0.871, 0.023, 0.049, 
I           , pi0   , Fe    , D         ,   1.0 ,   4.1 ,   2.2 ,   3.2 ,   0.4,   0.5,    0.25,    0.4 , 0.616, 0.014, 0.036, 
I           , pi0   , Pb    , D         ,   1.0 ,   4.1 ,   2.2 ,   3.2 ,   0.4,   0.5,    0.25,    0.4 , 0.454, 0.015, 0.033, 
I           , pi0   , C     , D         ,   1.0 ,   4.1 ,   2.2 ,   3.2 ,   0.4,   0.5,    0.4 ,    0.55, 0.91 , 0.038, 0.054, 
I           , pi0   , Fe    , D         ,   1.0 ,   4.1 ,   2.2 ,   3.2 ,   0.4,   0.5,    0.4 ,    0.55, 0.742, 0.025, 0.041, 
I           , pi0   , Pb    , D         ,   1.0 ,   4.1 ,   2.2 ,   3.2 ,   0.4,   0.5,    0.4 ,    0.55, 0.514, 0.028, 0.033, 
I           , pi0   , C     , D         ,   1.0 ,   4.1 ,   2.2 ,   3.2 ,   0.4,   0.5,    0.55,    0.75, 1.089, 0.088, 0.064, 
I           , pi0   , Fe    , D         ,   1.0 ,   4.1 ,   2.2 ,   3.2 ,   0.4,   0.5,    0.55,    0.75, 0.93 , 0.055, 0.057, 
I           , pi0   , Pb    , D         ,   1.0 ,   4.1 ,   2.2 ,   3.2 ,   0.4,   0.5,    0.55,    0.75, 0.6  , 0.062, 0.037, 
I           , pi0   , C     , D         ,   1.0 ,   4.1 ,   2.2 ,   3.2 ,   0.4,   0.5,    0.75,    1.5 , 2.024, 0.416, 0.196, 
I           , pi0   , Fe    , D         ,   1.0 ,   4.1 ,   2.2 ,   3.2 ,   0.4,   0.5,    0.75,    1.5 , 1.805, 0.242, 0.092, 
I           , pi0   , C     , D         ,   1.0 ,   4.1 ,   3.2 ,   3.73,   0.4,   0.5,    0.0 ,    0.1 , 0.823, 0.026, 0.048, 
I           , pi0   , Fe    , D         ,   1.0 ,   4.1 ,   3.2 ,   3.73,   0.4,   0.5,    0.0 ,    0.1 , 0.623, 0.017, 0.036, 
I           , pi0   , Pb    , D         ,   1.0 ,   4.1 ,   3.2 ,   3.73,   0.4,   0.5,    0.0 ,    0.1 , 0.494, 0.02 , 0.037, 
I           , pi0   , C     , D         ,   1.0 ,   4.1 ,   3.2 ,   3.73,   0.4,   0.5,    0.1 ,    0.25, 0.876, 0.019, 0.049, 
I           , pi0   , Fe    , D         ,   1.0 ,   4.1 ,   3.2 ,   3.73,   0.4,   0.5,    0.1 ,    0.25, 0.608, 0.011, 0.034, 
I           , pi0   , Pb    , D         ,   1.0 ,   4.1 ,   3.2 ,   3.73,   0.4,   0.5,    0.1 ,    0.25, 0.46 , 0.013, 0.029, 
I           , pi0   , C     , D         ,   1.0 ,   4.1 ,   3.2 ,   3.73,   0.4,   0.5,    0.25,    0.4 , 0.876, 0.021, 0.049, 
I           , pi0   , Fe    , D         ,   1.0 ,   4.1 ,   3.2 ,   3.73,   0.4,   0.5,    0.25,    0.4 , 0.634, 0.012, 0.035, 
I           , pi0   , Pb    , D         ,   1.0 ,   4.1 ,   3.2 ,   3.73,   0.4,   0.5,    0.25,    0.4 , 0.465, 0.014, 0.032, 
I           , pi0   , C     , D         ,   1.0 ,   4.1 ,   3.2 ,   3.73,   0.4,   0.5,    0.4 ,    0.55, 0.847, 0.028, 0.049, 
I           , pi0   , Fe    , D         ,   1.0 ,   4.1 ,   3.2 ,   3.73,   0.4,   0.5,    0.4 ,    0.55, 0.71 , 0.018, 0.038, 
I           , pi0   , Pb    , D         ,   1.0 ,   4.1 ,   3.2 ,   3.73,   0.4,   0.5,    0.4 ,    0.55, 0.563, 0.022, 0.039, 
I           , pi0   , C     , D         ,   1.0 ,   4.1 ,   3.2 ,   3.73,   0.4,   0.5,    0.55,    0.75, 0.996, 0.045, 0.059, 
I           , pi0   , Fe    , D         ,   1.0 ,   4.1 ,   3.2 ,   3.73,   0.4,   0.5,    0.55,    0.75, 0.85 , 0.029, 0.044, 
I           , pi0   , Pb    , D         ,   1.0 ,   4.1 ,   3.2 ,   3.73,   0.4,   0.5,    0.55,    0.75, 0.619, 0.034, 0.049, 
I           , pi0   , C     , D         ,   1.0 ,   4.1 ,   3.2 ,   3.73,   0.4,   0.5,    0.75,    1.5 , 1.374, 0.137, 0.081, 
I           , pi0   , Fe    , D         ,   1.0 ,   4.1 ,   3.2 ,   3.73,   0.4,   0.5,    0.75,    1.5 , 1.22 , 0.082, 0.09 , 
I           , pi0   , Pb    , D         ,   1.0 ,   4.1 ,   3.2 ,   3.73,   0.4,   0.5,    0.75,    1.5 , 1.012, 0.121, 0.123, 
I           , pi0   , C     , D         ,   1.0 ,   4.1 ,   3.73,   4.25,   0.4,   0.5,    0.0 ,    0.1 , 0.828, 0.041, 0.051, 
I           , pi0   , Fe    , D         ,   1.0 ,   4.1 ,   3.73,   4.25,   0.4,   0.5,    0.0 ,    0.1 , 0.552, 0.023, 0.036, 
I           , pi0   , Pb    , D         ,   1.0 ,   4.1 ,   3.73,   4.25,   0.4,   0.5,    0.0 ,    0.1 , 0.444, 0.027, 0.035, 
I           , pi0   , C     , D         ,   1.0 ,   4.1 ,   3.73,   4.25,   0.4,   0.5,    0.1 ,    0.25, 0.811, 0.023, 0.047, 
I           , pi0   , Fe    , D         ,   1.0 ,   4.1 ,   3.73,   4.25,   0.4,   0.5,    0.1 ,    0.25, 0.596, 0.014, 0.037, 
I           , pi0   , Pb    , D         ,   1.0 ,   4.1 ,   3.73,   4.25,   0.4,   0.5,    0.1 ,    0.25, 0.441, 0.015, 0.035, 
I           , pi0   , C     , D         ,   1.0 ,   4.1 ,   3.73,   4.25,   0.4,   0.5,    0.25,    0.4 , 0.856, 0.024, 0.048, 
I           , pi0   , Fe    , D         ,   1.0 ,   4.1 ,   3.73,   4.25,   0.4,   0.5,    0.25,    0.4 , 0.619, 0.014, 0.037, 
I           , pi0   , Pb    , D         ,   1.0 ,   4.1 ,   3.73,   4.25,   0.4,   0.5,    0.25,    0.4 , 0.486, 0.016, 0.04 , 
I           , pi0   , C     , D         ,   1.0 ,   4.1 ,   3.73,   4.25,   0.4,   0.5,    0.4 ,    0.55, 0.934, 0.032, 0.051, 
I           , pi0   , Fe    , D         ,   1.0 ,   4.1 ,   3.73,   4.25,   0.4,   0.5,    0.4 ,    0.55, 0.655, 0.018, 0.039, 
I           , pi0   , Pb    , D         ,   1.0 ,   4.1 ,   3.73,   4.25,   0.4,   0.5,    0.4 ,    0.55, 0.484, 0.021, 0.041, 
I           , pi0   , C     , D         ,   1.0 ,   4.1 ,   3.73,   4.25,   0.4,   0.5,    0.55,    0.75, 0.927, 0.037, 0.057, 
I           , pi0   , Fe    , D         ,   1.0 ,   4.1 ,   3.73,   4.25,   0.4,   0.5,    0.55,    0.75, 0.777, 0.024, 0.048, 
I           , pi0   , Pb    , D         ,   1.0 ,   4.1 ,   3.73,   4.25,   0.4,   0.5,    0.55,    0.75, 0.652, 0.031, 0.047, 
I           , pi0   , C     , D         ,   1.0 ,   4.1 ,   3.73,   4.25,   0.4,   0.5,    0.75,    1.5 , 1.316, 0.081, 0.068, 
I           , pi0   , Fe    , D         ,   1.0 ,   4.1 ,   3.73,   4.25,   0.4,   0.5,    0.75,    1.5 , 1.193, 0.052, 0.062, 
I           , pi0   , Pb    , D         ,   1.0 ,   4.1 ,   3.73,   4.25,   0.4,   0.5,    0.75,    1.5 , 0.981, 0.069, 0.059, 
I           , pi0   , C     , D         ,   1.0 ,   4.1 ,   2.2 ,   3.2 ,   0.5,   0.6,    0.0 ,    0.1 , 0.834, 0.026, 0.044, 
I           , pi0   , Fe    , D         ,   1.0 ,   4.1 ,   2.2 ,   3.2 ,   0.5,   0.6,    0.0 ,    0.1 , 0.593, 0.016, 0.033, 
I           , pi0   , Pb    , D         ,   1.0 ,   4.1 ,   2.2 ,   3.2 ,   0.5,   0.6,    0.0 ,    0.1 , 0.381, 0.017, 0.038, 
I           , pi0   , C     , D         ,   1.0 ,   4.1 ,   2.2 ,   3.2 ,   0.5,   0.6,    0.1 ,    0.25, 0.917, 0.024, 0.047, 
I           , pi0   , Fe    , D         ,   1.0 ,   4.1 ,   2.2 ,   3.2 ,   0.5,   0.6,    0.1 ,    0.25, 0.634, 0.014, 0.034, 
I           , pi0   , Pb    , D         ,   1.0 ,   4.1 ,   2.2 ,   3.2 ,   0.5,   0.6,    0.1 ,    0.25, 0.446, 0.015, 0.034, 
I           , pi0   , C     , D         ,   1.0 ,   4.1 ,   2.2 ,   3.2 ,   0.5,   0.6,    0.25,    0.4 , 0.922, 0.027, 0.047, 
I           , pi0   , Fe    , D         ,   1.0 ,   4.1 ,   2.2 ,   3.2 ,   0.5,   0.6,    0.25,    0.4 , 0.642, 0.016, 0.036, 
I           , pi0   , Pb    , D         ,   1.0 ,   4.1 ,   2.2 ,   3.2 ,   0.5,   0.6,    0.25,    0.4 , 0.442, 0.017, 0.033, 
I           , pi0   , C     , D         ,   1.0 ,   4.1 ,   2.2 ,   3.2 ,   0.5,   0.6,    0.4 ,    0.55, 0.909, 0.037, 0.047, 
I           , pi0   , Fe    , D         ,   1.0 ,   4.1 ,   2.2 ,   3.2 ,   0.5,   0.6,    0.4 ,    0.55, 0.698, 0.024, 0.037, 
I           , pi0   , Pb    , D         ,   1.0 ,   4.1 ,   2.2 ,   3.2 ,   0.5,   0.6,    0.4 ,    0.55, 0.503, 0.029, 0.034, 
I           , pi0   , C     , D         ,   1.0 ,   4.1 ,   2.2 ,   3.2 ,   0.5,   0.6,    0.55,    0.75, 0.949, 0.063, 0.05 , 
I           , pi0   , Fe    , D         ,   1.0 ,   4.1 ,   2.2 ,   3.2 ,   0.5,   0.6,    0.55,    0.75, 0.763, 0.037, 0.039, 
I           , pi0   , Pb    , D         ,   1.0 ,   4.1 ,   2.2 ,   3.2 ,   0.5,   0.6,    0.55,    0.75, 0.531, 0.048, 0.033, 
I           , pi0   , C     , D         ,   1.0 ,   4.1 ,   2.2 ,   3.2 ,   0.5,   0.6,    0.75,    1.5 , 1.493, 0.221, 0.079, 
I           , pi0   , Fe    , D         ,   1.0 ,   4.1 ,   2.2 ,   3.2 ,   0.5,   0.6,    0.75,    1.5 , 1.315, 0.123, 0.079, 
I           , pi0   , Pb    , D         ,   1.0 ,   4.1 ,   2.2 ,   3.2 ,   0.5,   0.6,    0.75,    1.5 , 1.074, 0.176, 0.085, 
I           , pi0   , C     , D         ,   1.0 ,   4.1 ,   3.2 ,   3.73,   0.5,   0.6,    0.0 ,    0.1 , 0.893, 0.038, 0.052, 
I           , pi0   , Fe    , D         ,   1.0 ,   4.1 ,   3.2 ,   3.73,   0.5,   0.6,    0.0 ,    0.1 , 0.595, 0.021, 0.033, 
I           , pi0   , Pb    , D         ,   1.0 ,   4.1 ,   3.2 ,   3.73,   0.5,   0.6,    0.0 ,    0.1 , 0.489, 0.026, 0.037, 
I           , pi0   , C     , D         ,   1.0 ,   4.1 ,   3.2 ,   3.73,   0.5,   0.6,    0.1 ,    0.25, 0.868, 0.026, 0.046, 
I           , pi0   , Fe    , D         ,   1.0 ,   4.1 ,   3.2 ,   3.73,   0.5,   0.6,    0.1 ,    0.25, 0.6  , 0.015, 0.033, 
I           , pi0   , Pb    , D         ,   1.0 ,   4.1 ,   3.2 ,   3.73,   0.5,   0.6,    0.1 ,    0.25, 0.416, 0.016, 0.029, 
I           , pi0   , C     , D         ,   1.0 ,   4.1 ,   3.2 ,   3.73,   0.5,   0.6,    0.25,    0.4 , 0.87 , 0.027, 0.046, 
I           , pi0   , Fe    , D         ,   1.0 ,   4.1 ,   3.2 ,   3.73,   0.5,   0.6,    0.25,    0.4 , 0.6  , 0.015, 0.033, 
I           , pi0   , Pb    , D         ,   1.0 ,   4.1 ,   3.2 ,   3.73,   0.5,   0.6,    0.25,    0.4 , 0.483, 0.019, 0.035, 
I           , pi0   , C     , D         ,   1.0 ,   4.1 ,   3.2 ,   3.73,   0.5,   0.6,    0.4 ,    0.55, 0.931, 0.036, 0.049, 
I           , pi0   , Fe    , D         ,   1.0 ,   4.1 ,   3.2 ,   3.73,   0.5,   0.6,    0.4 ,    0.55, 0.739, 0.022, 0.038, 
I           , pi0   , Pb    , D         ,   1.0 ,   4.1 ,   3.2 ,   3.73,   0.5,   0.6,    0.4 ,    0.55, 0.501, 0.024, 0.029, 
I           , pi0   , C     , D         ,   1.0 ,   4.1 ,   3.2 ,   3.73,   0.5,   0.6,    0.55,    0.75, 0.952, 0.044, 0.058, 
I           , pi0   , Fe    , D         ,   1.0 ,   4.1 ,   3.2 ,   3.73,   0.5,   0.6,    0.55,    0.75, 0.79 , 0.029, 0.041, 
I           , pi0   , Pb    , D         ,   1.0 ,   4.1 ,   3.2 ,   3.73,   0.5,   0.6,    0.55,    0.75, 0.526, 0.033, 0.038, 
I           , pi0   , C     , D         ,   1.0 ,   4.1 ,   3.2 ,   3.73,   0.5,   0.6,    0.75,    1.5 , 1.234, 0.083, 0.069, 
I           , pi0   , Fe    , D         ,   1.0 ,   4.1 ,   3.2 ,   3.73,   0.5,   0.6,    0.75,    1.5 , 1.148, 0.057, 0.055, 
I           , pi0   , Pb    , D         ,   1.0 ,   4.1 ,   3.2 ,   3.73,   0.5,   0.6,    0.75,    1.5 , 0.794, 0.068, 0.08 , 
I           , pi0   , C     , D         ,   1.0 ,   4.1 ,   3.73,   4.25,   0.5,   0.6,    0.0 ,    0.1 , 0.807, 0.065, 0.047, source_block_header_repeats_nu_2.2-3.2_reassigned_to_3.73-4.2_by_ordering
I           , pi0   , Fe    , D         ,   1.0 ,   4.1 ,   3.73,   4.25,   0.5,   0.6,    0.0 ,    0.1 , 0.584, 0.038, 0.033, source_block_header_repeats_nu_2.2-3.2_reassigned_to_3.73-4.2_by_ordering
I           , pi0   , Pb    , D         ,   1.0 ,   4.1 ,   3.73,   4.25,   0.5,   0.6,    0.0 ,    0.1 , 0.397, 0.041, 0.045, source_block_header_repeats_nu_2.2-3.2_reassigned_to_3.73-4.2_by_ordering
I           , pi0   , C     , D         ,   1.0 ,   4.1 ,   3.73,   4.25,   0.5,   0.6,    0.1 ,    0.25, 0.859, 0.034, 0.056, source_block_header_repeats_nu_2.2-3.2_reassigned_to_3.73-4.2_by_ordering
I           , pi0   , Fe    , D         ,   1.0 ,   4.1 ,   3.73,   4.25,   0.5,   0.6,    0.1 ,    0.25, 0.557, 0.018, 0.032, source_block_header_repeats_nu_2.2-3.2_reassigned_to_3.73-4.2_by_ordering
I           , pi0   , Pb    , D         ,   1.0 ,   4.1 ,   3.73,   4.25,   0.5,   0.6,    0.1 ,    0.25, 0.394, 0.021, 0.03 , source_block_header_repeats_nu_2.2-3.2_reassigned_to_3.73-4.2_by_ordering
I           , pi0   , C     , D         ,   1.0 ,   4.1 ,   3.73,   4.25,   0.5,   0.6,    0.25,    0.4 , 0.772, 0.03 , 0.046, source_block_header_repeats_nu_2.2-3.2_reassigned_to_3.73-4.2_by_ordering
I           , pi0   , Fe    , D         ,   1.0 ,   4.1 ,   3.73,   4.25,   0.5,   0.6,    0.25,    0.4 , 0.587, 0.019, 0.034, source_block_header_repeats_nu_2.2-3.2_reassigned_to_3.73-4.2_by_ordering
I           , pi0   , Pb    , D         ,   1.0 ,   4.1 ,   3.73,   4.25,   0.5,   0.6,    0.25,    0.4 , 0.419, 0.021, 0.035, source_block_header_repeats_nu_2.2-3.2_reassigned_to_3.73-4.2_by_ordering
I           , pi0   , C     , D         ,   1.0 ,   4.1 ,   3.73,   4.25,   0.5,   0.6,    0.4 ,    0.55, 0.817, 0.035, 0.047, source_block_header_repeats_nu_2.2-3.2_reassigned_to_3.73-4.2_by_ordering
I           , pi0   , Fe    , D         ,   1.0 ,   4.1 ,   3.73,   4.25,   0.5,   0.6,    0.4 ,    0.55, 0.629, 0.023, 0.035, source_block_header_repeats_nu_2.2-3.2_reassigned_to_3.73-4.2_by_ordering
I           , pi0   , Pb    , D         ,   1.0 ,   4.1 ,   3.73,   4.25,   0.5,   0.6,    0.4 ,    0.55, 0.478, 0.027, 0.029, source_block_header_repeats_nu_2.2-3.2_reassigned_to_3.73-4.2_by_ordering
I           , pi0   , C     , D         ,   1.0 ,   4.1 ,   3.73,   4.25,   0.5,   0.6,    0.55,    0.75, 1.044, 0.051, 0.057, source_block_header_repeats_nu_2.2-3.2_reassigned_to_3.73-4.2_by_ordering
I           , pi0   , Fe    , D         ,   1.0 ,   4.1 ,   3.73,   4.25,   0.5,   0.6,    0.55,    0.75, 0.692, 0.027, 0.037, source_block_header_repeats_nu_2.2-3.2_reassigned_to_3.73-4.2_by_ordering
I           , pi0   , Pb    , D         ,   1.0 ,   4.1 ,   3.73,   4.25,   0.5,   0.6,    0.55,    0.75, 0.557, 0.035, 0.035, source_block_header_repeats_nu_2.2-3.2_reassigned_to_3.73-4.2_by_ordering
I           , pi0   , C     , D         ,   1.0 ,   4.1 ,   3.73,   4.25,   0.5,   0.6,    0.75,    1.5 , 1.167, 0.067, 0.064, source_block_header_repeats_nu_2.2-3.2_reassigned_to_3.73-4.2_by_ordering
I           , pi0   , Fe    , D         ,   1.0 ,   4.1 ,   3.73,   4.25,   0.5,   0.6,    0.75,    1.5 , 0.984, 0.041, 0.059, source_block_header_repeats_nu_2.2-3.2_reassigned_to_3.73-4.2_by_ordering
I           , pi0   , Pb    , D         ,   1.0 ,   4.1 ,   3.73,   4.25,   0.5,   0.6,    0.75,    1.5 , 0.672, 0.048, 0.046, source_block_header_repeats_nu_2.2-3.2_reassigned_to_3.73-4.2_by_ordering
I           , pi0   , C     , D         ,   1.0 ,   4.1 ,   2.2 ,   3.2 ,   0.6,   0.7,    0.0 ,    0.1 , 0.918, 0.035, 0.062, 
I           , pi0   , Fe    , D         ,   1.0 ,   4.1 ,   2.2 ,   3.2 ,   0.6,   0.7,    0.0 ,    0.1 , 0.666, 0.021, 0.046, 
I           , pi0   , Pb    , D         ,   1.0 ,   4.1 ,   2.2 ,   3.2 ,   0.6,   0.7,    0.0 ,    0.1 , 0.454, 0.023, 0.046, 
I           , pi0   , C     , D         ,   1.0 ,   4.1 ,   2.2 ,   3.2 ,   0.6,   0.7,    0.1 ,    0.25, 0.884, 0.029, 0.06 , 
I           , pi0   , Fe    , D         ,   1.0 ,   4.1 ,   2.2 ,   3.2 ,   0.6,   0.7,    0.1 ,    0.25, 0.633, 0.018, 0.045, 
I           , pi0   , Pb    , D         ,   1.0 ,   4.1 ,   2.2 ,   3.2 ,   0.6,   0.7,    0.1 ,    0.25, 0.433, 0.02 , 0.042, 
I           , pi0   , C     , D         ,   1.0 ,   4.1 ,   2.2 ,   3.2 ,   0.6,   0.7,    0.25,    0.4 , 0.858, 0.031, 0.059, 
I           , pi0   , Fe    , D         ,   1.0 ,   4.1 ,   2.2 ,   3.2 ,   0.6,   0.7,    0.25,    0.4 , 0.603, 0.018, 0.043, 
I           , pi0   , Pb    , D         ,   1.0 ,   4.1 ,   2.2 ,   3.2 ,   0.6,   0.7,    0.25,    0.4 , 0.404, 0.02 , 0.04 , 
I           , pi0   , C     , D         ,   1.0 ,   4.1 ,   2.2 ,   3.2 ,   0.6,   0.7,    0.4 ,    0.55, 0.838, 0.041, 0.058, 
I           , pi0   , Fe    , D         ,   1.0 ,   4.1 ,   2.2 ,   3.2 ,   0.6,   0.7,    0.4 ,    0.55, 0.728, 0.028, 0.05 , 
I           , pi0   , Pb    , D         ,   1.0 ,   4.1 ,   2.2 ,   3.2 ,   0.6,   0.7,    0.4 ,    0.55, 0.435, 0.032, 0.044, 
I           , pi0   , C     , D         ,   1.0 ,   4.1 ,   2.2 ,   3.2 ,   0.6,   0.7,    0.55,    0.75, 1.017, 0.066, 0.073, 
I           , pi0   , Fe    , D         ,   1.0 ,   4.1 ,   2.2 ,   3.2 ,   0.6,   0.7,    0.55,    0.75, 0.67 , 0.034, 0.049, 
I           , pi0   , Pb    , D         ,   1.0 ,   4.1 ,   2.2 ,   3.2 ,   0.6,   0.7,    0.55,    0.75, 0.476, 0.046, 0.038, 
I           , pi0   , C     , D         ,   1.0 ,   4.1 ,   2.2 ,   3.2 ,   0.6,   0.7,    0.75,    1.5 , 1.684, 0.2  , 0.121, 
I           , pi0   , Fe    , D         ,   1.0 ,   4.1 ,   2.2 ,   3.2 ,   0.6,   0.7,    0.75,    1.5 , 1.248, 0.099, 0.077, 
I           , pi0   , Pb    , D         ,   1.0 ,   4.1 ,   2.2 ,   3.2 ,   0.6,   0.7,    0.75,    1.5 , 0.937, 0.136, 0.097, 
I           , pi0   , C     , D         ,   1.0 ,   4.1 ,   3.2 ,   3.73,   0.6,   0.7,    0.0 ,    0.1 , 0.994, 0.051, 0.058, 
I           , pi0   , Fe    , D         ,   1.0 ,   4.1 ,   3.2 ,   3.73,   0.6,   0.7,    0.0 ,    0.1 , 0.578, 0.026, 0.032, 
I           , pi0   , Pb    , D         ,   1.0 ,   4.1 ,   3.2 ,   3.73,   0.6,   0.7,    0.0 ,    0.1 , 0.437, 0.032, 0.048, 
I           , pi0   , C     , D         ,   1.0 ,   4.1 ,   3.2 ,   3.73,   0.6,   0.7,    0.1 ,    0.25, 0.921, 0.036, 0.047, 
I           , pi0   , Fe    , D         ,   1.0 ,   4.1 ,   3.2 ,   3.73,   0.6,   0.7,    0.1 ,    0.25, 0.591, 0.019, 0.036, 
I           , pi0   , Pb    , D         ,   1.0 ,   4.1 ,   3.2 ,   3.73,   0.6,   0.7,    0.1 ,    0.25, 0.409, 0.023, 0.031, 
I           , pi0   , C     , D         ,   1.0 ,   4.1 ,   3.2 ,   3.73,   0.6,   0.7,    0.25,    0.4 , 0.913, 0.035, 0.048, 
I           , pi0   , Fe    , D         ,   1.0 ,   4.1 ,   3.2 ,   3.73,   0.6,   0.7,    0.25,    0.4 , 0.602, 0.02 , 0.034, 
I           , pi0   , Pb    , D         ,   1.0 ,   4.1 ,   3.2 ,   3.73,   0.6,   0.7,    0.25,    0.4 , 0.464, 0.025, 0.033, 
I           , pi0   , C     , D         ,   1.0 ,   4.1 ,   3.2 ,   3.73,   0.6,   0.7,    0.4 ,    0.55, 0.935, 0.047, 0.053, 
I           , pi0   , Fe    , D         ,   1.0 ,   4.1 ,   3.2 ,   3.73,   0.6,   0.7,    0.4 ,    0.55, 0.641, 0.024, 0.032, 
I           , pi0   , Pb    , D         ,   1.0 ,   4.1 ,   3.2 ,   3.73,   0.6,   0.7,    0.4 ,    0.55, 0.424, 0.03 , 0.025, 
I           , pi0   , C     , D         ,   1.0 ,   4.1 ,   3.2 ,   3.73,   0.6,   0.7,    0.55,    0.75, 0.89 , 0.05 , 0.045, 
I           , pi0   , Fe    , D         ,   1.0 ,   4.1 ,   3.2 ,   3.73,   0.6,   0.7,    0.55,    0.75, 0.687, 0.029, 0.034, 
I           , pi0   , Pb    , D         ,   1.0 ,   4.1 ,   3.2 ,   3.73,   0.6,   0.7,    0.55,    0.75, 0.498, 0.039, 0.026, 
I           , pi0   , C     , D         ,   1.0 ,   4.1 ,   3.2 ,   3.73,   0.6,   0.7,    0.75,    1.5 , 1.039, 0.074, 0.052, 
I           , pi0   , Fe    , D         ,   1.0 ,   4.1 ,   3.2 ,   3.73,   0.6,   0.7,    0.75,    1.5 , 1.028, 0.053, 0.053, 
I           , pi0   , Pb    , D         ,   1.0 ,   4.1 ,   3.2 ,   3.73,   0.6,   0.7,    0.75,    1.5 , 0.613, 0.063, 0.098, 
I           , pi0   , C     , D         ,   1.0 ,   4.1 ,   3.73,   4.25,   0.6,   0.7,    0.0 ,    0.1 , 0.668, 0.061, 0.044, 
I           , pi0   , Fe    , D         ,   1.0 ,   4.1 ,   3.73,   4.25,   0.6,   0.7,    0.0 ,    0.1 , 0.508, 0.038, 0.032, 
I           , pi0   , Pb    , D         ,   1.0 ,   4.1 ,   3.73,   4.25,   0.6,   0.7,    0.0 ,    0.1 , 0.251, 0.041, 0.027, 
I           , pi0   , C     , D         ,   1.0 ,   4.1 ,   3.73,   4.25,   0.6,   0.7,    0.1 ,    0.25, 0.813, 0.044, 0.061, 
I           , pi0   , Fe    , D         ,   1.0 ,   4.1 ,   3.73,   4.25,   0.6,   0.7,    0.1 ,    0.25, 0.563, 0.025, 0.04 , 
I           , pi0   , Pb    , D         ,   1.0 ,   4.1 ,   3.73,   4.25,   0.6,   0.7,    0.1 ,    0.25, 0.415, 0.029, 0.031, 
I           , pi0   , C     , D         ,   1.0 ,   4.1 ,   3.73,   4.25,   0.6,   0.7,    0.25,    0.4 , 0.811, 0.041, 0.051, 
I           , pi0   , Fe    , D         ,   1.0 ,   4.1 ,   3.73,   4.25,   0.6,   0.7,    0.25,    0.4 , 0.623, 0.026, 0.04 , 
I           , pi0   , Pb    , D         ,   1.0 ,   4.1 ,   3.73,   4.25,   0.6,   0.7,    0.25,    0.4 , 0.38 , 0.027, 0.032, 
I           , pi0   , C     , D         ,   1.0 ,   4.1 ,   3.73,   4.25,   0.6,   0.7,    0.4 ,    0.55, 0.909, 0.052, 0.052, 
I           , pi0   , Fe    , D         ,   1.0 ,   4.1 ,   3.73,   4.25,   0.6,   0.7,    0.4 ,    0.55, 0.608, 0.028, 0.036, 
I           , pi0   , Pb    , D         ,   1.0 ,   4.1 ,   3.73,   4.25,   0.6,   0.7,    0.4 ,    0.55, 0.345, 0.034, 0.047, 
I           , pi0   , C     , D         ,   1.0 ,   4.1 ,   3.73,   4.25,   0.6,   0.7,    0.55,    0.75, 1.023, 0.063, 0.063, 
I           , pi0   , Fe    , D         ,   1.0 ,   4.1 ,   3.73,   4.25,   0.6,   0.7,    0.55,    0.75, 0.654, 0.033, 0.038, 
I           , pi0   , Pb    , D         ,   1.0 ,   4.1 ,   3.73,   4.25,   0.6,   0.7,    0.55,    0.75, 0.49 , 0.045, 0.033, 
I           , pi0   , C     , D         ,   1.0 ,   4.1 ,   3.73,   4.25,   0.6,   0.7,    0.75,    1.5 , 1.078, 0.067, 0.081, 
I           , pi0   , Fe    , D         ,   1.0 ,   4.1 ,   3.73,   4.25,   0.6,   0.7,    0.75,    1.5 , 0.816, 0.039, 0.065, 
I           , pi0   , Pb    , D         ,   1.0 ,   4.1 ,   3.73,   4.25,   0.6,   0.7,    0.75,    1.5 , 0.525, 0.045, 0.045, 
I           , pi0   , C     , D         ,   1.0 ,   4.1 ,   2.2 ,   3.2 ,   0.7,   0.8,    0.0 ,    0.1 , 0.828, 0.038, 0.075, 
I           , pi0   , Fe    , D         ,   1.0 ,   4.1 ,   2.2 ,   3.2 ,   0.7,   0.8,    0.0 ,    0.1 , 0.62 , 0.023, 0.059, 
I           , pi0   , Pb    , D         ,   1.0 ,   4.1 ,   2.2 ,   3.2 ,   0.7,   0.8,    0.0 ,    0.1 , 0.358, 0.024, 0.042, 
I           , pi0   , C     , D         ,   1.0 ,   4.1 ,   2.2 ,   3.2 ,   0.7,   0.8,    0.1 ,    0.25, 0.83 , 0.034, 0.075, 
I           , pi0   , Fe    , D         ,   1.0 ,   4.1 ,   2.2 ,   3.2 ,   0.7,   0.8,    0.1 ,    0.25, 0.584, 0.02 , 0.055, 
I           , pi0   , Pb    , D         ,   1.0 ,   4.1 ,   2.2 ,   3.2 ,   0.7,   0.8,    0.1 ,    0.25, 0.368, 0.023, 0.04 , 
I           , pi0   , C     , D         ,   1.0 ,   4.1 ,   2.2 ,   3.2 ,   0.7,   0.8,    0.25,    0.4 , 0.811, 0.037, 0.073, 
I           , pi0   , Fe    , D         ,   1.0 ,   4.1 ,   2.2 ,   3.2 ,   0.7,   0.8,    0.25,    0.4 , 0.611, 0.022, 0.056, 
I           , pi0   , Pb    , D         ,   1.0 ,   4.1 ,   2.2 ,   3.2 ,   0.7,   0.8,    0.25,    0.4 , 0.33 , 0.026, 0.041, 
I           , pi0   , C     , D         ,   1.0 ,   4.1 ,   2.2 ,   3.2 ,   0.7,   0.8,    0.4 ,    0.55, 0.759, 0.047, 0.07 , 
I           , pi0   , Fe    , D         ,   1.0 ,   4.1 ,   2.2 ,   3.2 ,   0.7,   0.8,    0.4 ,    0.55, 0.536, 0.026, 0.051, 
I           , pi0   , Pb    , D         ,   1.0 ,   4.1 ,   2.2 ,   3.2 ,   0.7,   0.8,    0.4 ,    0.55, 0.288, 0.033, 0.035, 
I           , pi0   , C     , D         ,   1.0 ,   4.1 ,   2.2 ,   3.2 ,   0.7,   0.8,    0.55,    0.75, 0.832, 0.067, 0.079, 
I           , pi0   , Fe    , D         ,   1.0 ,   4.1 ,   2.2 ,   3.2 ,   0.7,   0.8,    0.55,    0.75, 0.552, 0.035, 0.055, 
I           , pi0   , Pb    , D         ,   1.0 ,   4.1 ,   2.2 ,   3.2 ,   0.7,   0.8,    0.55,    0.75, 0.31 , 0.05 , 0.037, 
I           , pi0   , C     , D         ,   1.0 ,   4.1 ,   2.2 ,   3.2 ,   0.7,   0.8,    0.75,    1.5 , 1.91 , 0.235, 0.164, 
I           , pi0   , Fe    , D         ,   1.0 ,   4.1 ,   2.2 ,   3.2 ,   0.7,   0.8,    0.75,    1.5 , 1.425, 0.137, 0.126, 
I           , pi0   , Pb    , D         ,   1.0 ,   4.1 ,   2.2 ,   3.2 ,   0.7,   0.8,    0.75,    1.5 , 1.105, 0.289, 0.119, 
I           , pi0   , C     , D         ,   1.0 ,   4.1 ,   3.2 ,   3.73,   0.7,   0.8,    0.0 ,    0.1 , 0.935, 0.062, 0.087, 
I           , pi0   , Fe    , D         ,   1.0 ,   4.1 ,   3.2 ,   3.73,   0.7,   0.8,    0.0 ,    0.1 , 0.618, 0.033, 0.058, 
I           , pi0   , Pb    , D         ,   1.0 ,   4.1 ,   3.2 ,   3.73,   0.7,   0.8,    0.0 ,    0.1 , 0.374, 0.04 , 0.06 , 
I           , pi0   , C     , D         ,   1.0 ,   4.1 ,   3.2 ,   3.73,   0.7,   0.8,    0.1 ,    0.25, 0.876, 0.047, 0.08 , 
I           , pi0   , Fe    , D         ,   1.0 ,   4.1 ,   3.2 ,   3.73,   0.7,   0.8,    0.1 ,    0.25, 0.648, 0.026, 0.059, 
I           , pi0   , Pb    , D         ,   1.0 ,   4.1 ,   3.2 ,   3.73,   0.7,   0.8,    0.1 ,    0.25, 0.421, 0.033, 0.043, 
I           , pi0   , C     , D         ,   1.0 ,   4.1 ,   3.2 ,   3.73,   0.7,   0.8,    0.25,    0.4 , 0.801, 0.042, 0.076, 
I           , pi0   , Fe    , D         ,   1.0 ,   4.1 ,   3.2 ,   3.73,   0.7,   0.8,    0.25,    0.4 , 0.577, 0.025, 0.062, 
I           , pi0   , Pb    , D         ,   1.0 ,   4.1 ,   3.2 ,   3.73,   0.7,   0.8,    0.25,    0.4 , 0.336, 0.029, 0.035, 
I           , pi0   , C     , D         ,   1.0 ,   4.1 ,   3.2 ,   3.73,   0.7,   0.8,    0.4 ,    0.55, 0.739, 0.049, 0.071, 
I           , pi0   , Fe    , D         ,   1.0 ,   4.1 ,   3.2 ,   3.73,   0.7,   0.8,    0.4 ,    0.55, 0.544, 0.028, 0.051, 
I           , pi0   , Pb    , D         ,   1.0 ,   4.1 ,   3.2 ,   3.73,   0.7,   0.8,    0.4 ,    0.55, 0.359, 0.037, 0.038, 
I           , pi0   , C     , D         ,   1.0 ,   4.1 ,   3.2 ,   3.73,   0.7,   0.8,    0.55,    0.75, 1.022, 0.077, 0.098, 
I           , pi0   , Fe    , D         ,   1.0 ,   4.1 ,   3.2 ,   3.73,   0.7,   0.8,    0.55,    0.75, 0.719, 0.041, 0.065, 
I           , pi0   , Pb    , D         ,   1.0 ,   4.1 ,   3.2 ,   3.73,   0.7,   0.8,    0.55,    0.75, 0.481, 0.058, 0.051, 
I           , pi0   , C     , D         ,   1.0 ,   4.1 ,   3.2 ,   3.73,   0.7,   0.8,    0.75,    1.5 , 0.796, 0.066, 0.09 , 
I           , pi0   , Fe    , D         ,   1.0 ,   4.1 ,   3.2 ,   3.73,   0.7,   0.8,    0.75,    1.5 , 0.644, 0.04 , 0.066, 
I           , pi0   , Pb    , D         ,   1.0 ,   4.1 ,   3.2 ,   3.73,   0.7,   0.8,    0.75,    1.5 , 0.51 , 0.066, 0.088, 
I           , pi0   , C     , D         ,   1.0 ,   4.1 ,   3.73,   4.25,   0.7,   0.8,    0.0 ,    0.1 , 0.716, 0.112, 0.071, 
I           , pi0   , Fe    , D         ,   1.0 ,   4.1 ,   3.73,   4.25,   0.7,   0.8,    0.0 ,    0.1 , 0.592, 0.069, 0.094, 
I           , pi0   , Pb    , D         ,   1.0 ,   4.1 ,   3.73,   4.25,   0.7,   0.8,    0.0 ,    0.1 , 0.165, 0.06 , 0.025, 
I           , pi0   , C     , D         ,   1.0 ,   4.1 ,   3.73,   4.25,   0.7,   0.8,    0.1 ,    0.25, 0.831, 0.064, 0.049, 
I           , pi0   , Fe    , D         ,   1.0 ,   4.1 ,   3.73,   4.25,   0.7,   0.8,    0.1 ,    0.25, 0.553, 0.035, 0.039, 
I           , pi0   , Pb    , D         ,   1.0 ,   4.1 ,   3.73,   4.25,   0.7,   0.8,    0.1 ,    0.25, 0.287, 0.044, 0.032, 
I           , pi0   , C     , D         ,   1.0 ,   4.1 ,   3.73,   4.25,   0.7,   0.8,    0.25,    0.4 , 0.885, 0.069, 0.061, 
I           , pi0   , Fe    , D         ,   1.0 ,   4.1 ,   3.73,   4.25,   0.7,   0.8,    0.25,    0.4 , 0.613, 0.037, 0.04 , 
I           , pi0   , Pb    , D         ,   1.0 ,   4.1 ,   3.73,   4.25,   0.7,   0.8,    0.25,    0.4 , 0.37 , 0.05 , 0.036, 
I           , pi0   , C     , D         ,   1.0 ,   4.1 ,   3.73,   4.25,   0.7,   0.8,    0.4 ,    0.55, 0.781, 0.066, 0.048, 
I           , pi0   , Fe    , D         ,   1.0 ,   4.1 ,   3.73,   4.25,   0.7,   0.8,    0.4 ,    0.55, 0.514, 0.035, 0.037, 
I           , pi0   , Pb    , D         ,   1.0 ,   4.1 ,   3.73,   4.25,   0.7,   0.8,    0.4 ,    0.55, 0.255, 0.052, 0.038, 
I           , pi0   , C     , D         ,   1.0 ,   4.1 ,   3.73,   4.25,   0.7,   0.8,    0.55,    0.75, 0.902, 0.086, 0.063, 
I           , pi0   , Fe    , D         ,   1.0 ,   4.1 ,   3.73,   4.25,   0.7,   0.8,    0.55,    0.75, 0.6  , 0.042, 0.039, 
I           , pi0   , Pb    , D         ,   1.0 ,   4.1 ,   3.73,   4.25,   0.7,   0.8,    0.55,    0.75, 0.294, 0.057, 0.031, 
I           , pi0   , C     , D         ,   1.0 ,   4.1 ,   3.73,   4.25,   0.7,   0.8,    0.75,    1.5 , 0.988, 0.076, 0.069, 
I           , pi0   , Fe    , D         ,   1.0 ,   4.1 ,   3.73,   4.25,   0.7,   0.8,    0.75,    1.5 , 0.728, 0.046, 0.043, 
I           , pi0   , Pb    , D         ,   1.0 ,   4.1 ,   3.73,   4.25,   0.7,   0.8,    0.75,    1.5 , 0.376, 0.055, 0.03 , 
I           , pi0   , C     , D         ,   1.0 ,   4.1 ,   2.2 ,   3.2 ,   0.8,   1.0,    0.0 ,    0.1 , 0.785, 0.031, 0.068, 
I           , pi0   , Fe    , D         ,   1.0 ,   4.1 ,   2.2 ,   3.2 ,   0.8,   1.0,    0.0 ,    0.1 , 0.528, 0.017, 0.047, 
I           , pi0   , Pb    , D         ,   1.0 ,   4.1 ,   2.2 ,   3.2 ,   0.8,   1.0,    0.0 ,    0.1 , 0.311, 0.02 , 0.032, 
I           , pi0   , C     , D         ,   1.0 ,   4.1 ,   2.2 ,   3.2 ,   0.8,   1.0,    0.1 ,    0.25, 0.733, 0.031, 0.063, 
I           , pi0   , Fe    , D         ,   1.0 ,   4.1 ,   2.2 ,   3.2 ,   0.8,   1.0,    0.1 ,    0.25, 0.499, 0.018, 0.043, 
I           , pi0   , Pb    , D         ,   1.0 ,   4.1 ,   2.2 ,   3.2 ,   0.8,   1.0,    0.1 ,    0.25, 0.28 , 0.02 , 0.026, 
I           , pi0   , C     , D         ,   1.0 ,   4.1 ,   2.2 ,   3.2 ,   0.8,   1.0,    0.25,    0.4 , 0.667, 0.032, 0.058, 
I           , pi0   , Fe    , D         ,   1.0 ,   4.1 ,   2.2 ,   3.2 ,   0.8,   1.0,    0.25,    0.4 , 0.433, 0.018, 0.037, 
I           , pi0   , Pb    , D         ,   1.0 ,   4.1 ,   2.2 ,   3.2 ,   0.8,   1.0,    0.25,    0.4 , 0.269, 0.025, 0.031, 
I           , pi0   , C     , D         ,   1.0 ,   4.1 ,   2.2 ,   3.2 ,   0.8,   1.0,    0.4 ,    0.55, 0.689, 0.044, 0.06 , 
I           , pi0   , Fe    , D         ,   1.0 ,   4.1 ,   2.2 ,   3.2 ,   0.8,   1.0,    0.4 ,    0.55, 0.475, 0.025, 0.041, 
I           , pi0   , Pb    , D         ,   1.0 ,   4.1 ,   2.2 ,   3.2 ,   0.8,   1.0,    0.4 ,    0.55, 0.254, 0.033, 0.024, 
I           , pi0   , C     , D         ,   1.0 ,   4.1 ,   2.2 ,   3.2 ,   0.8,   1.0,    0.55,    0.75, 1.218, 0.104, 0.106, 
I           , pi0   , Fe    , D         ,   1.0 ,   4.1 ,   2.2 ,   3.2 ,   0.8,   1.0,    0.55,    0.75, 0.878, 0.059, 0.075, 
I           , pi0   , Pb    , D         ,   1.0 ,   4.1 ,   2.2 ,   3.2 ,   0.8,   1.0,    0.55,    0.75, 0.508, 0.097, 0.044, 
I           , pi0   , C     , D         ,   1.0 ,   4.1 ,   3.2 ,   3.73,   0.8,   1.0,    0.0 ,    0.1 , 0.796, 0.048, 0.075, 
I           , pi0   , Fe    , D         ,   1.0 ,   4.1 ,   3.2 ,   3.73,   0.8,   1.0,    0.0 ,    0.1 , 0.483, 0.025, 0.046, 
I           , pi0   , Pb    , D         ,   1.0 ,   4.1 ,   3.2 ,   3.73,   0.8,   1.0,    0.0 ,    0.1 , 0.258, 0.027, 0.054, 
I           , pi0   , C     , D         ,   1.0 ,   4.1 ,   3.2 ,   3.73,   0.8,   1.0,    0.1 ,    0.25, 0.721, 0.038, 0.066, 
I           , pi0   , Fe    , D         ,   1.0 ,   4.1 ,   3.2 ,   3.73,   0.8,   1.0,    0.1 ,    0.25, 0.472, 0.021, 0.044, 
I           , pi0   , Pb    , D         ,   1.0 ,   4.1 ,   3.2 ,   3.73,   0.8,   1.0,    0.1 ,    0.25, 0.259, 0.028, 0.03 , 
I           , pi0   , C     , D         ,   1.0 ,   4.1 ,   3.2 ,   3.73,   0.8,   1.0,    0.25,    0.4 , 0.714, 0.043, 0.068, 
I           , pi0   , Fe    , D         ,   1.0 ,   4.1 ,   3.2 ,   3.73,   0.8,   1.0,    0.25,    0.4 , 0.446, 0.024, 0.052, 
I           , pi0   , Pb    , D         ,   1.0 ,   4.1 ,   3.2 ,   3.73,   0.8,   1.0,    0.25,    0.4 , 0.263, 0.028, 0.028, 
I           , pi0   , C     , D         ,   1.0 ,   4.1 ,   3.2 ,   3.73,   0.8,   1.0,    0.4 ,    0.55, 0.777, 0.055, 0.074, 
I           , pi0   , Fe    , D         ,   1.0 ,   4.1 ,   3.2 ,   3.73,   0.8,   1.0,    0.4 ,    0.55, 0.528, 0.03 , 0.048, 
I           , pi0   , Pb    , D         ,   1.0 ,   4.1 ,   3.2 ,   3.73,   0.8,   1.0,    0.4 ,    0.55, 0.21 , 0.029, 0.026, 
I           , pi0   , C     , D         ,   1.0 ,   4.1 ,   3.2 ,   3.73,   0.8,   1.0,    0.55,    0.75, 0.702, 0.055, 0.072, 
I           , pi0   , Fe    , D         ,   1.0 ,   4.1 ,   3.2 ,   3.73,   0.8,   1.0,    0.55,    0.75, 0.436, 0.029, 0.042, 
I           , pi0   , Pb    , D         ,   1.0 ,   4.1 ,   3.2 ,   3.73,   0.8,   1.0,    0.55,    0.75, 0.264, 0.051, 0.036, 
I           , pi0   , C     , D         ,   1.0 ,   4.1 ,   3.73,   4.25,   0.8,   1.0,    0.0 ,    0.1 , 0.614, 0.119, 0.071, 
I           , pi0   , Fe    , D         ,   1.0 ,   4.1 ,   3.73,   4.25,   0.8,   1.0,    0.0 ,    0.1 , 0.337, 0.06 , 0.093, 
I           , pi0   , Pb    , D         ,   1.0 ,   4.1 ,   3.73,   4.25,   0.8,   1.0,    0.0 ,    0.1 , 0.14 , 0.058, 0.031, 
I           , pi0   , C     , D         ,   1.0 ,   4.1 ,   3.73,   4.25,   0.8,   1.0,    0.1 ,    0.25, 0.76 , 0.069, 0.05 , 
I           , pi0   , Fe    , D         ,   1.0 ,   4.1 ,   3.73,   4.25,   0.8,   1.0,    0.1 ,    0.25, 0.439, 0.033, 0.04 , 
I           , pi0   , Pb    , D         ,   1.0 ,   4.1 ,   3.73,   4.25,   0.8,   1.0,    0.1 ,    0.25, 0.204, 0.042, 0.036, 
I           , pi0   , C     , D         ,   1.0 ,   4.1 ,   3.73,   4.25,   0.8,   1.0,    0.25,    0.4 , 0.701, 0.066, 0.057, 
I           , pi0   , Fe    , D         ,   1.0 ,   4.1 ,   3.73,   4.25,   0.8,   1.0,    0.25,    0.4 , 0.439, 0.033, 0.039, 
I           , pi0   , Pb    , D         ,   1.0 ,   4.1 ,   3.73,   4.25,   0.8,   1.0,    0.25,    0.4 , 0.149, 0.029, 0.037, 
I           , pi0   , C     , D         ,   1.0 ,   4.1 ,   3.73,   4.25,   0.8,   1.0,    0.4 ,    0.55, 0.707, 0.065, 0.048, 
I           , pi0   , Fe    , D         ,   1.0 ,   4.1 ,   3.73,   4.25,   0.8,   1.0,    0.4 ,    0.55, 0.433, 0.035, 0.039, 
I           , pi0   , Pb    , D         ,   1.0 ,   4.1 ,   3.73,   4.25,   0.8,   1.0,    0.4 ,    0.55, 0.164, 0.043, 0.041, 
I           , pi0   , C     , D         ,   1.0 ,   4.1 ,   3.73,   4.25,   0.8,   1.0,    0.55,    0.75, 0.625, 0.073, 0.057, 
I           , pi0   , Fe    , D         ,   1.0 ,   4.1 ,   3.73,   4.25,   0.8,   1.0,    0.55,    0.75, 0.433, 0.038, 0.038, 
I           , pi0   , Pb    , D         ,   1.0 ,   4.1 ,   3.73,   4.25,   0.8,   1.0,    0.55,    0.75, 0.248, 0.067, 0.036, 
II          , pi0   , C     , D         ,   1.0 ,   1.33,   2.2 ,   3.2 ,   0.3,   0.4,    0.0 ,    1.5 , 0.877, 0.02 , 0.08 , 
II          , pi0   , Fe    , D         ,   1.0 ,   1.33,   2.2 ,   3.2 ,   0.3,   0.4,    0.0 ,    1.5 , 0.63 , 0.012, 0.026, 
II          , pi0   , Pb    , D         ,   1.0 ,   1.33,   2.2 ,   3.2 ,   0.3,   0.4,    0.0 ,    1.5 , 0.459, 0.013, 0.024, 
II          , pi0   , C     , D         ,   1.0 ,   1.33,   2.2 ,   3.2 ,   0.4,   0.5,    0.0 ,    1.5 , 0.838, 0.019, 0.036, 
II          , pi0   , Fe    , D         ,   1.0 ,   1.33,   2.2 ,   3.2 ,   0.4,   0.5,    0.0 ,    1.5 , 0.618, 0.012, 0.026, 
II          , pi0   , Pb    , D         ,   1.0 ,   1.33,   2.2 ,   3.2 ,   0.4,   0.5,    0.0 ,    1.5 , 0.471, 0.014, 0.024, 
II          , pi0   , C     , D         ,   1.0 ,   1.33,   2.2 ,   3.2 ,   0.5,   0.6,    0.0 ,    1.5 , 0.864, 0.023, 0.038, 
II          , pi0   , Fe    , D         ,   1.0 ,   1.33,   2.2 ,   3.2 ,   0.5,   0.6,    0.0 ,    1.5 , 0.61 , 0.013, 0.026, 
II          , pi0   , Pb    , D         ,   1.0 ,   1.33,   2.2 ,   3.2 ,   0.5,   0.6,    0.0 ,    1.5 , 0.435, 0.015, 0.03 , 
II          , pi0   , C     , D         ,   1.0 ,   1.33,   2.2 ,   3.2 ,   0.6,   0.7,    0.0 ,    1.5 , 0.881, 0.028, 0.039, 
II          , pi0   , Fe    , D         ,   1.0 ,   1.33,   2.2 ,   3.2 ,   0.6,   0.7,    0.0 ,    1.5 , 0.642, 0.017, 0.027, 
II          , pi0   , Pb    , D         ,   1.0 ,   1.33,   2.2 ,   3.2 ,   0.6,   0.7,    0.0 ,    1.5 , 0.448, 0.019, 0.025, 
II          , pi0   , C     , D         ,   1.0 ,   1.33,   2.2 ,   3.2 ,   0.7,   0.8,    0.0 ,    1.5 , 0.825, 0.032, 0.041, 
II          , pi0   , Fe    , D         ,   1.0 ,   1.33,   2.2 ,   3.2 ,   0.7,   0.8,    0.0 ,    1.5 , 0.581, 0.018, 0.027, 
II          , pi0   , Pb    , D         ,   1.0 ,   1.33,   2.2 ,   3.2 ,   0.7,   0.8,    0.0 ,    1.5 , 0.389, 0.023, 0.022, 
II          , pi0   , C     , D         ,   1.0 ,   1.33,   2.2 ,   3.2 ,   0.8,   1.0,    0.0 ,    1.5 , 0.715, 0.029, 0.037, 
II          , pi0   , Fe    , D         ,   1.0 ,   1.33,   2.2 ,   3.2 ,   0.8,   1.0,    0.0 ,    1.5 , 0.514, 0.017, 0.026, 
II          , pi0   , Pb    , D         ,   1.0 ,   1.33,   2.2 ,   3.2 ,   0.8,   1.0,    0.0 ,    1.5 , 0.326, 0.021, 0.02 , 
II          , pi0   , C     , D         ,   1.0 ,   1.33,   3.2 ,   3.73,   0.3,   0.4,    0.0 ,    1.5 , 0.867, 0.018, 0.041, 
II          , pi0   , Fe    , D         ,   1.0 ,   1.33,   3.2 ,   3.73,   0.3,   0.4,    0.0 ,    1.5 , 0.664, 0.011, 0.03 , 
II          , pi0   , Pb    , D         ,   1.0 ,   1.33,   3.2 ,   3.73,   0.3,   0.4,    0.0 ,    1.5 , 0.501, 0.013, 0.028, 
II          , pi0   , C     , D         ,   1.0 ,   1.33,   3.2 ,   3.73,   0.4,   0.5,    0.0 ,    1.5 , 0.873, 0.021, 0.041, 
II          , pi0   , Fe    , D         ,   1.0 ,   1.33,   3.2 ,   3.73,   0.4,   0.5,    0.0 ,    1.5 , 0.643, 0.012, 0.03 , 
II          , pi0   , Pb    , D         ,   1.0 ,   1.33,   3.2 ,   3.73,   0.4,   0.5,    0.0 ,    1.5 , 0.491, 0.015, 0.029, 
II          , pi0   , C     , D         ,   1.0 ,   1.33,   3.2 ,   3.73,   0.5,   0.6,    0.0 ,    1.5 , 0.838, 0.026, 0.039, 
II          , pi0   , Fe    , D         ,   1.0 ,   1.33,   3.2 ,   3.73,   0.5,   0.6,    0.0 ,    1.5 , 0.642, 0.016, 0.031, 
II          , pi0   , Pb    , D         ,   1.0 ,   1.33,   3.2 ,   3.73,   0.5,   0.6,    0.0 ,    1.5 , 0.44 , 0.017, 0.037, 
II          , pi0   , C     , D         ,   1.0 ,   1.33,   3.2 ,   3.73,   0.6,   0.7,    0.0 ,    1.5 , 0.9  , 0.033, 0.042, 
II          , pi0   , Fe    , D         ,   1.0 ,   1.33,   3.2 ,   3.73,   0.6,   0.7,    0.0 ,    1.5 , 0.659, 0.02 , 0.035, 
II          , pi0   , Pb    , D         ,   1.0 ,   1.33,   3.2 ,   3.73,   0.6,   0.7,    0.0 ,    1.5 , 0.46 , 0.024, 0.04 , 
II          , pi0   , C     , D         ,   1.0 ,   1.33,   3.2 ,   3.73,   0.7,   0.8,    0.0 ,    1.5 , 0.891, 0.048, 0.048, 
II          , pi0   , Fe    , D         ,   1.0 ,   1.33,   3.2 ,   3.73,   0.7,   0.8,    0.0 ,    1.5 , 0.658, 0.027, 0.031, 
II          , pi0   , Pb    , D         ,   1.0 ,   1.33,   3.2 ,   3.73,   0.7,   0.8,    0.0 ,    1.5 , 0.488, 0.033, 0.03 , 
II          , pi0   , C     , D         ,   1.0 ,   1.33,   3.2 ,   3.73,   0.8,   1.0,    0.0 ,    1.5 , 0.812, 0.047, 0.046, 
II          , pi0   , Fe    , D         ,   1.0 ,   1.33,   3.2 ,   3.73,   0.8,   1.0,    0.0 ,    1.5 , 0.523, 0.025, 0.027, 
II          , pi0   , Pb    , D         ,   1.0 ,   1.33,   3.2 ,   3.73,   0.8,   1.0,    0.0 ,    1.5 , 0.27 , 0.025, 0.024, 
II          , pi0   , C     , D         ,   1.0 ,   1.33,   3.73,   4.2 ,   0.3,   0.4,    0.0 ,    1.5 , 0.826, 0.017, 0.037, 
II          , pi0   , Fe    , D         ,   1.0 ,   1.33,   3.73,   4.2 ,   0.3,   0.4,    0.0 ,    1.5 , 0.624, 0.01 , 0.028, 
II          , pi0   , Pb    , D         ,   1.0 ,   1.33,   3.73,   4.2 ,   0.3,   0.4,    0.0 ,    1.5 , 0.484, 0.012, 0.027, 
II          , pi0   , C     , D         ,   1.0 ,   1.33,   3.73,   4.2 ,   0.4,   0.5,    0.0 ,    1.5 , 0.83 , 0.023, 0.038, 
II          , pi0   , Fe    , D         ,   1.0 ,   1.33,   3.73,   4.2 ,   0.4,   0.5,    0.0 ,    1.5 , 0.628, 0.013, 0.028, 
II          , pi0   , Pb    , D         ,   1.0 ,   1.33,   3.73,   4.2 ,   0.4,   0.5,    0.0 ,    1.5 , 0.489, 0.016, 0.033, 
II          , pi0   , C     , D         ,   1.0 ,   1.33,   3.73,   4.2 ,   0.5,   0.6,    0.0 ,    1.5 , 0.829, 0.03 , 0.039, 
II          , pi0   , Fe    , D         ,   1.0 ,   1.33,   3.73,   4.2 ,   0.5,   0.6,    0.0 ,    1.5 , 0.632, 0.018, 0.028, 
II          , pi0   , Pb    , D         ,   1.0 ,   1.33,   3.73,   4.2 ,   0.5,   0.6,    0.0 ,    1.5 , 0.496, 0.02 , 0.032, 
II          , pi0   , C     , D         ,   1.0 ,   1.33,   3.73,   4.2 ,   0.6,   0.7,    0.0 ,    1.5 , 0.947, 0.041, 0.042, 
II          , pi0   , Fe    , D         ,   1.0 ,   1.33,   3.73,   4.2 ,   0.6,   0.7,    0.0 ,    1.5 , 0.632, 0.023, 0.028, 
II          , pi0   , Pb    , D         ,   1.0 ,   1.33,   3.73,   4.2 ,   0.6,   0.7,    0.0 ,    1.5 , 0.412, 0.026, 0.032, 
II          , pi0   , C     , D         ,   1.0 ,   1.33,   3.73,   4.2 ,   0.7,   0.8,    0.0 ,    1.5 , 0.856, 0.055, 0.039, 
II          , pi0   , Fe    , D         ,   1.0 ,   1.33,   3.73,   4.2 ,   0.7,   0.8,    0.0 ,    1.5 , 0.559, 0.03 , 0.03 , 
II          , pi0   , Pb    , D         ,   1.0 ,   1.33,   3.73,   4.2 ,   0.7,   0.8,    0.0 ,    1.5 , 0.349, 0.035, 0.023, 
II          , pi0   , C     , D         ,   1.0 ,   1.33,   3.73,   4.2 ,   0.8,   1.0,    0.0 ,    1.5 , 0.751, 0.06 , 0.036, 
II          , pi0   , Fe    , D         ,   1.0 ,   1.33,   3.73,   4.2 ,   0.8,   1.0,    0.0 ,    1.5 , 0.434, 0.028, 0.027, 
II          , pi0   , Pb    , D         ,   1.0 ,   1.33,   3.73,   4.2 ,   0.8,   1.0,    0.0 ,    1.5 , 0.228, 0.038, 0.02 , 
II          , pi0   , C     , D         ,   1.33,   1.76,   2.2 ,   3.2 ,   0.3,   0.4,    0.0 ,    1.5 , 0.843, 0.017, 0.037, 
II          , pi0   , Fe    , D         ,   1.33,   1.76,   2.2 ,   3.2 ,   0.3,   0.4,    0.0 ,    1.5 , 0.627, 0.011, 0.025, 
II          , pi0   , Pb    , D         ,   1.33,   1.76,   2.2 ,   3.2 ,   0.3,   0.4,    0.0 ,    1.5 , 0.408, 0.01 , 0.022, 
II          , pi0   , C     , D         ,   1.33,   1.76,   2.2 ,   3.2 ,   0.4,   0.5,    0.0 ,    1.5 , 0.869, 0.017, 0.038, 
II          , pi0   , Fe    , D         ,   1.33,   1.76,   2.2 ,   3.2 ,   0.4,   0.5,    0.0 ,    1.5 , 0.701, 0.011, 0.044, 
II          , pi0   , Pb    , D         ,   1.33,   1.76,   2.2 ,   3.2 ,   0.4,   0.5,    0.0 ,    1.5 , 0.463, 0.012, 0.024, 
II          , pi0   , C     , D         ,   1.33,   1.76,   2.2 ,   3.2 ,   0.5,   0.6,    0.0 ,    1.5 , 0.901, 0.021, 0.038, 
II          , pi0   , Fe    , D         ,   1.33,   1.76,   2.2 ,   3.2 ,   0.5,   0.6,    0.0 ,    1.5 , 0.642, 0.012, 0.026, 
II          , pi0   , Pb    , D         ,   1.33,   1.76,   2.2 ,   3.2 ,   0.5,   0.6,    0.0 ,    1.5 , 0.453, 0.013, 0.023, 
II          , pi0   , C     , D         ,   1.33,   1.76,   2.2 ,   3.2 ,   0.6,   0.7,    0.0 ,    1.5 , 0.856, 0.023, 0.037, 
II          , pi0   , Fe    , D         ,   1.33,   1.76,   2.2 ,   3.2 ,   0.6,   0.7,    0.0 ,    1.5 , 0.642, 0.014, 0.026, 
II          , pi0   , Pb    , D         ,   1.33,   1.76,   2.2 ,   3.2 ,   0.6,   0.7,    0.0 ,    1.5 , 0.448, 0.016, 0.026, 
II          , pi0   , C     , D         ,   1.33,   1.76,   2.2 ,   3.2 ,   0.7,   0.8,    0.0 ,    1.5 , 0.836, 0.027, 0.038, 
II          , pi0   , Fe    , D         ,   1.33,   1.76,   2.2 ,   3.2 ,   0.7,   0.8,    0.0 ,    1.5 , 0.596, 0.015, 0.028, 
II          , pi0   , Pb    , D         ,   1.33,   1.76,   2.2 ,   3.2 ,   0.7,   0.8,    0.0 ,    1.5 , 0.375, 0.017, 0.023, 
II          , pi0   , C     , D         ,   1.33,   1.76,   2.2 ,   3.2 ,   0.8,   1.0,    0.0 ,    1.5 , 0.749, 0.024, 0.035, 
II          , pi0   , Fe    , D         ,   1.33,   1.76,   2.2 ,   3.2 ,   0.8,   1.0,    0.0 ,    1.5 , 0.503, 0.013, 0.026, 
II          , pi0   , Pb    , D         ,   1.33,   1.76,   2.2 ,   3.2 ,   0.8,   1.0,    0.0 ,    1.5 , 0.316, 0.015, 0.021, 
II          , pi0   , C     , D         ,   1.33,   1.76,   3.2 ,   3.73,   0.3,   0.4,    0.0 ,    1.5 , 0.879, 0.017, 0.043, 
II          , pi0   , Fe    , D         ,   1.33,   1.76,   3.2 ,   3.73,   0.3,   0.4,    0.0 ,    1.5 , 0.673, 0.011, 0.03 , 
II          , pi0   , Pb    , D         ,   1.33,   1.76,   3.2 ,   3.73,   0.3,   0.4,    0.0 ,    1.5 , 0.55 , 0.013, 0.029, 
II          , pi0   , C     , D         ,   1.33,   1.76,   3.2 ,   3.73,   0.4,   0.5,    0.0 ,    1.5 , 0.85 , 0.019, 0.041, 
II          , pi0   , Fe    , D         ,   1.33,   1.76,   3.2 ,   3.73,   0.4,   0.5,    0.0 ,    1.5 , 0.654, 0.012, 0.03 , 
II          , pi0   , Pb    , D         ,   1.33,   1.76,   3.2 ,   3.73,   0.4,   0.5,    0.0 ,    1.5 , 0.499, 0.014, 0.027, 
II          , pi0   , C     , D         ,   1.33,   1.76,   3.2 ,   3.73,   0.5,   0.6,    0.0 ,    1.5 , 0.9  , 0.025, 0.042, 
II          , pi0   , Fe    , D         ,   1.33,   1.76,   3.2 ,   3.73,   0.5,   0.6,    0.0 ,    1.5 , 0.634, 0.014, 0.029, 
II          , pi0   , Pb    , D         ,   1.33,   1.76,   3.2 ,   3.73,   0.5,   0.6,    0.0 ,    1.5 , 0.518, 0.018, 0.035, 
II          , pi0   , C     , D         ,   1.33,   1.76,   3.2 ,   3.73,   0.6,   0.7,    0.0 ,    1.5 , 0.891, 0.031, 0.042, 
II          , pi0   , Fe    , D         ,   1.33,   1.76,   3.2 ,   3.73,   0.6,   0.7,    0.0 ,    1.5 , 0.617, 0.017, 0.029, 
II          , pi0   , Pb    , D         ,   1.33,   1.76,   3.2 ,   3.73,   0.6,   0.7,    0.0 ,    1.5 , 0.503, 0.022, 0.035, 
II          , pi0   , C     , D         ,   1.33,   1.76,   3.2 ,   3.73,   0.7,   0.8,    0.0 ,    1.5 , 0.904, 0.04 , 0.046, 
II          , pi0   , Fe    , D         ,   1.33,   1.76,   3.2 ,   3.73,   0.7,   0.8,    0.0 ,    1.5 , 0.649, 0.023, 0.032, 
II          , pi0   , Pb    , D         ,   1.33,   1.76,   3.2 ,   3.73,   0.7,   0.8,    0.0 ,    1.5 , 0.409, 0.027, 0.024, 
II          , pi0   , C     , D         ,   1.33,   1.76,   3.2 ,   3.73,   0.8,   1.0,    0.0 ,    1.5 , 0.815, 0.038, 0.042, 
II          , pi0   , Fe    , D         ,   1.33,   1.76,   3.2 ,   3.73,   0.8,   1.0,    0.0 ,    1.5 , 0.537, 0.021, 0.029, 
II          , pi0   , Pb    , D         ,   1.33,   1.76,   3.2 ,   3.73,   0.8,   1.0,    0.0 ,    1.5 , 0.337, 0.026, 0.021, 
II          , pi0   , C     , D         ,   1.33,   1.76,   3.73,   4.2 ,   0.3,   0.4,    0.0 ,    1.5 , 0.829, 0.017, 0.069, 
II          , pi0   , Fe    , D         ,   1.33,   1.76,   3.73,   4.2 ,   0.3,   0.4,    0.0 ,    1.5 , 0.638, 0.011, 0.03 , 
II          , pi0   , Pb    , D         ,   1.33,   1.76,   3.73,   4.2 ,   0.3,   0.4,    0.0 ,    1.5 , 0.474, 0.012, 0.029, 
II          , pi0   , C     , D         ,   1.33,   1.76,   3.73,   4.2 ,   0.4,   0.5,    0.0 ,    1.5 , 0.911, 0.024, 0.044, 
II          , pi0   , Fe    , D         ,   1.33,   1.76,   3.73,   4.2 ,   0.4,   0.5,    0.0 ,    1.5 , 0.646, 0.014, 0.03 , 
II          , pi0   , Pb    , D         ,   1.33,   1.76,   3.73,   4.2 ,   0.4,   0.5,    0.0 ,    1.5 , 0.511, 0.016, 0.031, 
II          , pi0   , C     , D         ,   1.33,   1.76,   3.73,   4.2 ,   0.5,   0.6,    0.0 ,    1.5 , 0.915, 0.032, 0.044, 
II          , pi0   , Fe    , D         ,   1.33,   1.76,   3.73,   4.2 ,   0.5,   0.6,    0.0 ,    1.5 , 0.625, 0.018, 0.032, 
II          , pi0   , Pb    , D         ,   1.33,   1.76,   3.73,   4.2 ,   0.5,   0.6,    0.0 ,    1.5 , 0.467, 0.02 , 0.031, 
II          , pi0   , C     , D         ,   1.33,   1.76,   3.73,   4.2 ,   0.6,   0.7,    0.0 ,    1.5 , 0.935, 0.039, 0.045, 
II          , pi0   , Fe    , D         ,   1.33,   1.76,   3.73,   4.2 ,   0.6,   0.7,    0.0 ,    1.5 , 0.679, 0.023, 0.033, 
II          , pi0   , Pb    , D         ,   1.33,   1.76,   3.73,   4.2 ,   0.6,   0.7,    0.0 ,    1.5 , 0.433, 0.026, 0.037, 
II          , pi0   , C     , D         ,   1.33,   1.76,   3.73,   4.2 ,   0.7,   0.8,    0.0 ,    1.5 , 0.843, 0.049, 0.055, 
II          , pi0   , Fe    , D         ,   1.33,   1.76,   3.73,   4.2 ,   0.7,   0.8,    0.0 ,    1.5 , 0.598, 0.029, 0.035, 
II          , pi0   , Pb    , D         ,   1.33,   1.76,   3.73,   4.2 ,   0.7,   0.8,    0.0 ,    1.5 , 0.383, 0.038, 0.031, 
II          , pi0   , C     , D         ,   1.33,   1.76,   3.73,   4.2 ,   0.8,   1.0,    0.0 ,    1.5 , 0.672, 0.05 , 0.052, 
II          , pi0   , Fe    , D         ,   1.33,   1.76,   3.73,   4.2 ,   0.8,   1.0,    0.0 ,    1.5 , 0.441, 0.025, 0.032, 
II          , pi0   , Pb    , D         ,   1.33,   1.76,   3.73,   4.2 ,   0.8,   1.0,    0.0 ,    1.5 , 0.275, 0.036, 0.029, 
II          , pi0   , C     , D         ,   1.76,   4.1 ,   2.2 ,   3.2 ,   0.3,   0.4,    0.0 ,    1.5 , 0.915, 0.023, 0.046, 
II          , pi0   , Fe    , D         ,   1.76,   4.1 ,   2.2 ,   3.2 ,   0.3,   0.4,    0.0 ,    1.5 , 0.669, 0.014, 0.035, 
II          , pi0   , Pb    , D         ,   1.76,   4.1 ,   2.2 ,   3.2 ,   0.3,   0.4,    0.0 ,    1.5 , 0.534, 0.017, 0.036, 
II          , pi0   , C     , D         ,   1.76,   4.1 ,   2.2 ,   3.2 ,   0.4,   0.5,    0.0 ,    1.5 , 0.869, 0.022, 0.061, 
II          , pi0   , Fe    , D         ,   1.76,   4.1 ,   2.2 ,   3.2 ,   0.4,   0.5,    0.0 ,    1.5 , 0.66 , 0.014, 0.036, 
II          , pi0   , Pb    , D         ,   1.76,   4.1 ,   2.2 ,   3.2 ,   0.4,   0.5,    0.0 ,    1.5 , 0.486, 0.016, 0.035, 
II          , pi0   , C     , D         ,   1.76,   4.1 ,   2.2 ,   3.2 ,   0.5,   0.6,    0.0 ,    1.5 , 0.902, 0.027, 0.045, 
II          , pi0   , Fe    , D         ,   1.76,   4.1 ,   2.2 ,   3.2 ,   0.5,   0.6,    0.0 ,    1.5 , 0.674, 0.016, 0.035, 
II          , pi0   , Pb    , D         ,   1.76,   4.1 ,   2.2 ,   3.2 ,   0.5,   0.6,    0.0 ,    1.5 , 0.469, 0.018, 0.035, 
II          , pi0   , C     , D         ,   1.76,   4.1 ,   2.2 ,   3.2 ,   0.6,   0.7,    0.0 ,    1.5 , 0.901, 0.032, 0.046, 
II          , pi0   , Fe    , D         ,   1.76,   4.1 ,   2.2 ,   3.2 ,   0.6,   0.7,    0.0 ,    1.5 , 0.693, 0.02 , 0.037, 
II          , pi0   , Pb    , D         ,   1.76,   4.1 ,   2.2 ,   3.2 ,   0.6,   0.7,    0.0 ,    1.5 , 0.504, 0.023, 0.04 , 
II          , pi0   , C     , D         ,   1.76,   4.1 ,   2.2 ,   3.2 ,   0.7,   0.8,    0.0 ,    1.5 , 0.836, 0.033, 0.045, 
II          , pi0   , Fe    , D         ,   1.76,   4.1 ,   2.2 ,   3.2 ,   0.7,   0.8,    0.0 ,    1.5 , 0.629, 0.02 , 0.035, 
II          , pi0   , Pb    , D         ,   1.76,   4.1 ,   2.2 ,   3.2 ,   0.7,   0.8,    0.0 ,    1.5 , 0.325, 0.022, 0.037, 
II          , pi0   , C     , D         ,   1.76,   4.1 ,   2.2 ,   3.2 ,   0.8,   1.0,    0.0 ,    1.5 , 0.772, 0.031, 0.043, 
II          , pi0   , Fe    , D         ,   1.76,   4.1 ,   2.2 ,   3.2 ,   0.8,   1.0,    0.0 ,    1.5 , 0.543, 0.018, 0.033, 
II          , pi0   , Pb    , D         ,   1.76,   4.1 ,   2.2 ,   3.2 ,   0.8,   1.0,    0.0 ,    1.5 , 0.328, 0.021, 0.038, 
II          , pi0   , C     , D         ,   1.76,   4.1 ,   3.2 ,   3.73,   0.3,   0.4,    0.0 ,    1.5 , 0.917, 0.016, 0.042, 
II          , pi0   , Fe    , D         ,   1.76,   4.1 ,   3.2 ,   3.73,   0.3,   0.4,    0.0 ,    1.5 , 0.689, 0.01 , 0.032, 
II          , pi0   , Pb    , D         ,   1.76,   4.1 ,   3.2 ,   3.73,   0.3,   0.4,    0.0 ,    1.5 , 0.517, 0.011, 0.031, 
II          , pi0   , C     , D         ,   1.76,   4.1 ,   3.2 ,   3.73,   0.4,   0.5,    0.0 ,    1.5 , 0.876, 0.017, 0.041, 
II          , pi0   , Fe    , D         ,   1.76,   4.1 ,   3.2 ,   3.73,   0.4,   0.5,    0.0 ,    1.5 , 0.651, 0.011, 0.031, 
II          , pi0   , Pb    , D         ,   1.76,   4.1 ,   3.2 ,   3.73,   0.4,   0.5,    0.0 ,    1.5 , 0.496, 0.012, 0.03 , 
II          , pi0   , C     , D         ,   1.76,   4.1 ,   3.2 ,   3.73,   0.5,   0.6,    0.0 ,    1.5 , 0.894, 0.022, 0.042, 
II          , pi0   , Fe    , D         ,   1.76,   4.1 ,   3.2 ,   3.73,   0.5,   0.6,    0.0 ,    1.5 , 0.683, 0.013, 0.031, 
II          , pi0   , Pb    , D         ,   1.76,   4.1 ,   3.2 ,   3.73,   0.5,   0.6,    0.0 ,    1.5 , 0.5  , 0.015, 0.032, 
II          , pi0   , C     , D         ,   1.76,   4.1 ,   3.2 ,   3.73,   0.6,   0.7,    0.0 ,    1.5 , 0.892, 0.027, 0.044, 
II          , pi0   , Fe    , D         ,   1.76,   4.1 ,   3.2 ,   3.73,   0.6,   0.7,    0.0 ,    1.5 , 0.64 , 0.016, 0.031, 
II          , pi0   , Pb    , D         ,   1.76,   4.1 ,   3.2 ,   3.73,   0.6,   0.7,    0.0 ,    1.5 , 0.468, 0.019, 0.03 , 
II          , pi0   , C     , D         ,   1.76,   4.1 ,   3.2 ,   3.73,   0.7,   0.8,    0.0 ,    1.5 , 0.796, 0.028, 0.038, 
II          , pi0   , Fe    , D         ,   1.76,   4.1 ,   3.2 ,   3.73,   0.7,   0.8,    0.0 ,    1.5 , 0.615, 0.017, 0.031, 
II          , pi0   , Pb    , D         ,   1.76,   4.1 ,   3.2 ,   3.73,   0.7,   0.8,    0.0 ,    1.5 , 0.443, 0.022, 0.027, 
II          , pi0   , C     , D         ,   1.76,   4.1 ,   3.2 ,   3.73,   0.8,   1.0,    0.0 ,    1.5 , 0.802, 0.028, 0.038, 
II          , pi0   , Fe    , D         ,   1.76,   4.1 ,   3.2 ,   3.73,   0.8,   1.0,    0.0 ,    1.5 , 0.548, 0.016, 0.03 , 
II          , pi0   , Pb    , D         ,   1.76,   4.1 ,   3.2 ,   3.73,   0.8,   1.0,    0.0 ,    1.5 , 0.299, 0.018, 0.024, 
II          , pi0   , C     , D         ,   1.76,   4.1 ,   3.73,   4.2 ,   0.3,   0.4,    0.0 ,    1.5 , 0.873, 0.016, 0.04 , 
II          , pi0   , Fe    , D         ,   1.76,   4.1 ,   3.73,   4.2 ,   0.3,   0.4,    0.0 ,    1.5 , 0.651, 0.01 , 0.029, 
II          , pi0   , Pb    , D         ,   1.76,   4.1 ,   3.73,   4.2 ,   0.3,   0.4,    0.0 ,    1.5 , 0.513, 0.011, 0.029, 
II          , pi0   , C     , D         ,   1.76,   4.1 ,   3.73,   4.2 ,   0.4,   0.5,    0.0 ,    1.5 , 0.894, 0.021, 0.041, 
II          , pi0   , Fe    , D         ,   1.76,   4.1 ,   3.73,   4.2 ,   0.4,   0.5,    0.0 ,    1.5 , 0.661, 0.012, 0.03 , 
II          , pi0   , Pb    , D         ,   1.76,   4.1 ,   3.73,   4.2 ,   0.4,   0.5,    0.0 ,    1.5 , 0.512, 0.015, 0.03 , 
II          , pi0   , C     , D         ,   1.76,   4.1 ,   3.73,   4.2 ,   0.5,   0.6,    0.0 ,    1.5 , 0.905, 0.028, 0.045, 
II          , pi0   , Fe    , D         ,   1.76,   4.1 ,   3.73,   4.2 ,   0.5,   0.6,    0.0 ,    1.5 , 0.658, 0.017, 0.03 , 
II          , pi0   , Pb    , D         ,   1.76,   4.1 ,   3.73,   4.2 ,   0.5,   0.6,    0.0 ,    1.5 , 0.495, 0.02 , 0.041, 
II          , pi0   , C     , D         ,   1.76,   4.1 ,   3.73,   4.2 ,   0.6,   0.7,    0.0 ,    1.5 , 0.905, 0.033, 0.042, 
II          , pi0   , Fe    , D         ,   1.76,   4.1 ,   3.73,   4.2 ,   0.6,   0.7,    0.0 ,    1.5 , 0.656, 0.02 , 0.029, 
II          , pi0   , Pb    , D         ,   1.76,   4.1 ,   3.73,   4.2 ,   0.6,   0.7,    0.0 ,    1.5 , 0.461, 0.022, 0.027, 
II          , pi0   , C     , D         ,   1.76,   4.1 ,   3.73,   4.2 ,   0.7,   0.8,    0.0 ,    1.5 , 0.869, 0.04 , 0.042, 
II          , pi0   , Fe    , D         ,   1.76,   4.1 ,   3.73,   4.2 ,   0.7,   0.8,    0.0 ,    1.5 , 0.632, 0.024, 0.029, 
II          , pi0   , Pb    , D         ,   1.76,   4.1 ,   3.73,   4.2 ,   0.7,   0.8,    0.0 ,    1.5 , 0.362, 0.028, 0.03 , 
II          , pi0   , C     , D         ,   1.76,   4.1 ,   3.73,   4.2 ,   0.8,   1.0,    0.0 ,    1.5 , 0.733, 0.038, 0.037, 
II          , pi0   , Fe    , D         ,   1.76,   4.1 ,   3.73,   4.2 ,   0.8,   1.0,    0.0 ,    1.5 , 0.566, 0.023, 0.027, 
II          , pi0   , Pb    , D         ,   1.76,   4.1 ,   3.73,   4.2 ,   0.8,   1.0,    0.0 ,    1.5 , 0.273, 0.027, 0.029, 
