source_table,hadron,target,ref_target,Q2_min,Q2_max,nu_min,nu_max,z_min,z_max,pT2_min,pT2_max,value,stat,syst,flag
II,pi+,C,D,1.0,4.0,2.2,4.25,0.05,0.1,0.0,1.5,1.144,0.003,0.043,
II,pi+,Fe,D,1.0,4.0,2.2,4.25,0.05,0.1,0.0,1.5,1.168,0.003,0.053,
II,pi+,Pb,D,1.0,4.0,2.2,4.25,0.05,0.1,0.0,1.5,0.959,0.003,0.043,
II,pi+,C,D,1.0,4.0,2.2,4.25,0.1,0.2,0.0,1.5,0.992,0.002,0.038,
II,pi+,Fe,D,1.0,4.0,2.2,4.25,0.1,0.2,0.0,1.5,0.914,0.001,0.041,
II,pi+,Pb,D,1.0,4.0,2.2,4.25,0.1,0.2,0.0,1.5,0.72,0.001,0.032,
II,pi+,C,D,1.0,4.0,2.2,4.25,0.2,0.3,0.0,1.5,0.902,0.002,0.034,
II,pi+,Fe,D,1.0,4.0,2.2,4.25,0.2,0.3,0.0,1.5,0.759,0.001,0.034,
II,pi+,Pb,D,1.0,4.0,2.2,4.25,0.2,0.3,0.0,1.5,0.576,0.001,0.026,
II,pi+,C,D,1.0,4.0,2.2,4.25,0.3,0.4,0.0,1.5,0.853,0.002,0.032,
II,pi+,Fe,D,1.0,4.0,2.2,4.25,0.3,0.4,0.0,1.5,0.684,0.002,0.031,
II,pi+,Pb,D,1.0,4.0,2.2,4.25,0.3,0.4,0.0,1.5,0.503,0.002,0.023,
II,pi+,C,D,1.0,4.0,2.2,4.25,0.4,0.5,0.0,1.5,0.838,0.003,0.032,
II,pi+,Fe,D,1.0,4.0,2.2,4.25,0.4,0.5,0.0,1.5,0.642,0.002,0.029,
II,pi+,Pb,D,1.0,4.0,2.2,4.25,0.4,0.5,0.0,1.5,0.464,0.002,0.021,
II,pi+,C,D,1.0,4.0,2.2,4.25,0.5,0.6,0.0,1.5,0.828,0.004,0.031,
II,pi+,Fe,D,1.0,4.0,2.2,4.25,0.5,0.6,0.0,1.5,0.626,0.002,0.028,
II,pi+,Pb,D,1.0,4.0,2.2,4.25,0.5,0.6,0.0,1.5,0.449,0.002,0.02,
II,pi+,C,D,1.0,4.0,2.2,4.25,0.6,0.7,0.0,1.5,0.811,0.004,0.039,
II,pi+,Fe,D,1.0,4.0,2.2,4.25,0.6,0.7,0.0,1.5,0.599,0.003,0.032,
II,pi+,Pb,D,1.0,4.0,2.2,4.25,0.6,0.7,0.0,1.5,0.431,0.003,0.023,
II,pi+,C,D,1.0,4.0,2.2,4.25,0.7,0.8,0.0,1.5,0.747,0.005,0.036,
II,pi+,Fe,D,1.0,4.0,2.2,4.25,0.7,0.8,0.0,1.5,0.541,0.003,0.029,
II,pi+,Pb,D,1.0,4.0,2.2,4.25,0.7,0.8,0.0,1.5,0.386,0.003,0.02,
II,pi+,C,D,1.0,4.0,2.2,4.25,0.8,0.9,0.0,1.5,0.764,0.007,0.037,
II,pi+,Fe,D,1.0,4.0,2.2,4.25,0.8,0.9,0.0,1.5,0.527,0.004,0.028,
II,pi+,Pb,D,1.0,4.0,2.2,4.25,0.8,0.9,0.0,1.5,0.374,0.004,0.02,
II,pi+,C,D,1.0,4.0,2.2,4.25,0.9,1.0,0.0,1.5,0.675,0.008,0.032,
II,pi+,Fe,D,1.0,4.0,2.2,4.25,0.9,1.0,0.0,1.5,0.431,0.004,0.023,
II,pi+,Pb,D,1.0,4.0,2.2,4.25,0.9,1.0,0.0,1.5,0.27,0.004,0.014,
II,pi-,C,D,1.0,4.0,2.2,4.25,0.05,0.1,0.0,1.5,1.142,0.005,0.043,
II,pi-,Fe,D,1.0,4.0,2.2,4.25,0.05,0.1,0.0,1.5,1.189,0.005,0.054,
II,pi-,Pb,D,1.0,4.0,2.2,4.25,0.05,0.1,0.0,1.5,1.075,0.005,0.048,
II,pi-,C,D,1.0,4.0,2.2,4.25,0.1,0.2,0.0,1.5,0.992,0.003,0.038,
II,pi-,Fe,D,1.0,4.0,2.2,4.25,0.1,0.2,0.0,1.5,0.95,0.002,0.043,
II,pi-,Pb,D,1.0,4.0,2.2,4.25,0.1,0.2,0.0,1.5,0.827,0.002,0.037,
II,pi-,C,D,1.0,4.0,2.2,4.25,0.2,0.3,0.0,1.5,0.904,0.003,0.034,
II,pi-,Fe,D,1.0,4.0,2.2,4.25,0.2,0.3,0.0,1.5,0.802,0.003,0.036,
II,pi-,Pb,D,1.0,4.0,2.2,4.25,0.2,0.3,0.0,1.5,0.669,0.002,0.03,
II,pi-,C,D,1.0,4.0,2.2,4.25,0.3,0.4,0.0,1.5,0.859,0.004,0.033,
II,pi-,Fe,D,1.0,4.0,2.2,4.25,0.3,0.4,0.0,1.5,0.717,0.003,0.032,
II,pi-,Pb,D,1.0,4.0,2.2,4.25,0.3,0.4,0.0,1.5,0.572,0.003,0.026,
II,pi-,C,D,1.0,4.0,2.2,4.25,0.4,0.5,0.0,1.5,0.815,0.007,0.031,
II,pi-,Fe,D,1.0,4.0,2.2,4.25,0.4,0.5,0.0,1.5,0.656,0.005,0.03,
II,pi-,Pb,D,1.0,4.0,2.2,4.25,0.4,0.5,0.0,1.5,0.511,0.005,0.023,
II,pi-,C,D,1.0,4.0,2.2,4.25,0.5,0.6,0.0,1.5,0.797,0.01,0.03,
II,pi-,Fe,D,1.0,4.0,2.2,4.25,0.5,0.6,0.0,1.5,0.615,0.007,0.028,
II,pi-,Pb,D,1.0,4.0,2.2,4.25,0.5,0.6,0.0,1.5,0.481,0.007,0.022,
II,pi-,C,D,1.0,4.0,2.2,4.25,0.6,0.7,0.0,1.5,0.766,0.014,0.032,
II,pi-,Fe,D,1.0,4.0,2.2,4.25,0.6,0.7,0.0,1.5,0.593,0.01,0.028,
II,pi-,Pb,D,1.0,4.0,2.2,4.25,0.6,0.7,0.0,1.5,0.47,0.01,0.023,
II,pi-,C,D,1.0,4.0,2.2,4.25,0.7,0.8,0.0,1.5,0.761,0.02,0.032,
II,pi-,Fe,D,1.0,4.0,2.2,4.25,0.7,0.8,0.0,1.5,0.602,0.015,0.029,
II,pi-,Pb,D,1.0,4.0,2.2,4.25,0.7,0.8,0.0,1.5,0.444,0.015,0.021,
III,pi+,C,D,1.0,1.3,2.2,3.2,0.05,0.1,0.0,1.5,1.18,0.013,0.026,
III,pi+,Fe,D,1.0,1.3,2.2,3.2,0.05,0.1,0.0,1.5,1.179,0.012,0.041,
III,pi+,Pb,D,1.0,1.3,2.2,3.2,0.05,0.1,0.0,1.5,0.973,0.006,0.035,
III,pi+,C,D,1.0,1.3,2.2,3.2,0.1,0.2,0.0,1.5,0.988,0.004,0.022,
III,pi+,Fe,D,1.0,1.3,2.2,3.2,0.1,0.2,0.0,1.5,0.9,0.003,0.031,
III,pi+,Pb,D,1.0,1.3,2.2,3.2,0.1,0.2,0.0,1.5,0.683,0.001,0.025,
III,pi+,C,D,1.0,1.3,2.2,3.2,0.2,0.3,0.0,1.5,0.885,0.004,0.02,
III,pi+,Fe,D,1.0,1.3,2.2,3.2,0.2,0.3,0.0,1.5,0.745,0.003,0.026,
III,pi+,Pb,D,1.0,1.3,2.2,3.2,0.2,0.3,0.0,1.5,0.559,0.001,0.02,
III,pi+,C,D,1.0,1.3,2.2,3.2,0.3,0.4,0.0,1.5,0.842,0.005,0.019,
III,pi+,Fe,D,1.0,1.3,2.2,3.2,0.3,0.4,0.0,1.5,0.671,0.004,0.023,
III,pi+,Pb,D,1.0,1.3,2.2,3.2,0.3,0.4,0.0,1.5,0.479,0.002,0.017,
III,pi+,C,D,1.0,1.3,2.2,3.2,0.4,0.5,0.0,1.5,0.821,0.006,0.018,
III,pi+,Fe,D,1.0,1.3,2.2,3.2,0.4,0.5,0.0,1.5,0.627,0.005,0.022,
III,pi+,Pb,D,1.0,1.3,2.2,3.2,0.4,0.5,0.0,1.5,0.442,0.002,0.016,
III,pi+,C,D,1.0,1.3,2.2,3.2,0.5,0.6,0.0,1.5,0.808,0.008,0.018,
III,pi+,Fe,D,1.0,1.3,2.2,3.2,0.5,0.6,0.0,1.5,0.603,0.005,0.021,
III,pi+,Pb,D,1.0,1.3,2.2,3.2,0.5,0.6,0.0,1.5,0.424,0.002,0.015,
III,pi+,C,D,1.0,1.3,2.2,3.2,0.6,0.7,0.0,1.5,0.792,0.009,0.033,
III,pi+,Fe,D,1.0,1.3,2.2,3.2,0.6,0.7,0.0,1.5,0.583,0.006,0.029,
III,pi+,Pb,D,1.0,1.3,2.2,3.2,0.6,0.7,0.0,1.5,0.402,0.003,0.02,
III,pi+,C,D,1.0,1.3,2.2,3.2,0.7,0.8,0.0,1.5,0.726,0.008,0.03,
III,pi+,Fe,D,1.0,1.3,2.2,3.2,0.7,0.8,0.0,1.5,0.519,0.006,0.025,
III,pi+,Pb,D,1.0,1.3,2.2,3.2,0.7,0.8,0.0,1.5,0.365,0.003,0.018,
III,pi+,C,D,1.0,1.3,2.2,3.2,0.8,0.9,0.0,1.5,0.709,0.008,0.029,
III,pi+,Fe,D,1.0,1.3,2.2,3.2,0.8,0.9,0.0,1.5,0.477,0.005,0.023,
III,pi+,Pb,D,1.0,1.3,2.2,3.2,0.8,0.9,0.0,1.5,0.32,0.002,0.016,
III,pi+,C,D,1.0,1.3,2.2,3.2,0.9,1.0,0.0,1.5,0.707,0.008,0.029,
III,pi+,Fe,D,1.0,1.3,2.2,3.2,0.9,1.0,0.0,1.5,0.474,0.005,0.023,
III,pi+,Pb,D,1.0,1.3,2.2,3.2,0.9,1.0,0.0,1.5,0.32,0.002,0.016,
III,pi+,C,D,1.3,1.8,2.2,3.2,0.05,0.1,0.0,1.5,1.211,0.012,0.027,
III,pi+,Fe,D,1.3,1.8,2.2,3.2,0.05,0.1,0.0,1.5,1.224,0.011,0.032,
III,pi+,Pb,D,1.3,1.8,2.2,3.2,0.05,0.1,0.0,1.5,0.993,0.005,0.027,
III,pi+,C,D,1.3,1.8,2.2,3.2,0.1,0.2,0.0,1.5,1.015,0.004,0.023,
III,pi+,Fe,D,1.3,1.8,2.2,3.2,0.1,0.2,0.0,1.5,0.926,0.003,0.024,
III,pi+,Pb,D,1.3,1.8,2.2,3.2,0.1,0.2,0.0,1.5,0.715,0.001,0.02,
III,pi+,C,D,1.3,1.8,2.2,3.2,0.2,0.3,0.0,1.5,0.909,0.004,0.02,
III,pi+,Fe,D,1.3,1.8,2.2,3.2,0.2,0.3,0.0,1.5,0.757,0.003,0.02,
III,pi+,Pb,D,1.3,1.8,2.2,3.2,0.2,0.3,0.0,1.5,0.571,0.001,0.016,
III,pi+,C,D,1.3,1.8,2.2,3.2,0.3,0.4,0.0,1.5,0.857,0.005,0.019,
III,pi+,Fe,D,1.3,1.8,2.2,3.2,0.3,0.4,0.0,1.5,0.681,0.004,0.018,
III,pi+,Pb,D,1.3,1.8,2.2,3.2,0.3,0.4,0.0,1.5,0.493,0.002,0.014,
III,pi+,C,D,1.3,1.8,2.2,3.2,0.4,0.5,0.0,1.5,0.825,0.006,0.018,
III,pi+,Fe,D,1.3,1.8,2.2,3.2,0.4,0.5,0.0,1.5,0.627,0.004,0.017,
III,pi+,Pb,D,1.3,1.8,2.2,3.2,0.4,0.5,0.0,1.5,0.448,0.002,0.012,
III,pi+,C,D,1.3,1.8,2.2,3.2,0.5,0.6,0.0,1.5,0.817,0.007,0.018,
III,pi+,Fe,D,1.3,1.8,2.2,3.2,0.5,0.6,0.0,1.5,0.609,0.005,0.016,
III,pi+,Pb,D,1.3,1.8,2.2,3.2,0.5,0.6,0.0,1.5,0.42,0.002,0.012,
III,pi+,C,D,1.3,1.8,2.2,3.2,0.6,0.7,0.0,1.5,0.782,0.008,0.032,
III,pi+,Fe,D,1.3,1.8,2.2,3.2,0.6,0.7,0.0,1.5,0.578,0.006,0.025,
III,pi+,Pb,D,1.3,1.8,2.2,3.2,0.6,0.7,0.0,1.5,0.41,0.003,0.018,
III,pi+,C,D,1.3,1.8,2.2,3.2,0.7,0.8,0.0,1.5,0.714,0.008,0.03,
III,pi+,Fe,D,1.3,1.8,2.2,3.2,0.7,0.8,0.0,1.5,0.521,0.005,0.023,
III,pi+,Pb,D,1.3,1.8,2.2,3.2,0.7,0.8,0.0,1.5,0.363,0.003,0.016,
III,pi+,C,D,1.3,1.8,2.2,3.2,0.8,0.9,0.0,1.5,0.736,0.008,0.031,
III,pi+,Fe,D,1.3,1.8,2.2,3.2,0.8,0.9,0.0,1.5,0.501,0.005,0.022,
III,pi+,Pb,D,1.3,1.8,2.2,3.2,0.8,0.9,0.0,1.5,0.337,0.002,0.015,
III,pi+,C,D,1.3,1.8,2.2,3.2,0.9,1.0,0.0,1.5,0.734,0.008,0.03,
III,pi+,Fe,D,1.3,1.8,2.2,3.2,0.9,1.0,0.0,1.5,0.498,0.005,0.022,
III,pi+,Pb,D,1.3,1.8,2.2,3.2,0.9,1.0,0.0,1.5,0.334,0.002,0.015,
III,pi+,C,D,1.8,4.1,2.2,3.2,0.05,0.1,0.0,1.5,1.291,0.014,0.029,
III,pi+,Fe,D,1.8,4.1,2.2,3.2,0.05,0.1,0.0,1.5,1.319,0.013,0.03,
III,pi+,Pb,D,1.8,4.1,2.2,3.2,0.05,0.1,0.0,1.5,1.056,0.006,0.025,
III,pi+,C,D,1.8,4.1,2.2,3.2,0.1,0.2,0.0,1.5,1.085,0.005,0.024,
III,pi+,Fe,D,1.8,4.1,2.2,3.2,0.1,0.2,0.0,1.5,0.965,0.004,0.022,
III,pi+,Pb,D,1.8,4.1,2.2,3.2,0.1,0.2,0.0,1.5,0.768,0.002,0.018,
III,pi+,C,D,1.8,4.1,2.2,3.2,0.2,0.3,0.0,1.5,0.961,0.005,0.021,
III,pi+,Fe,D,1.8,4.1,2.2,3.2,0.2,0.3,0.0,1.5,0.783,0.004,0.018,
III,pi+,Pb,D,1.8,4.1,2.2,3.2,0.2,0.3,0.0,1.5,0.602,0.002,0.014,
III,pi+,C,D,1.8,4.1,2.2,3.2,0.3,0.4,0.0,1.5,0.903,0.006,0.02,
III,pi+,Fe,D,1.8,4.1,2.2,3.2,0.3,0.4,0.0,1.5,0.697,0.005,0.016,
III,pi+,Pb,D,1.8,4.1,2.2,3.2,0.3,0.4,0.0,1.5,0.509,0.002,0.012,
III,pi+,C,D,1.8,4.1,2.2,3.2,0.4,0.5,0.0,1.5,0.891,0.008,0.02,
III,pi+,Fe,D,1.8,4.1,2.2,3.2,0.4,0.5,0.0,1.5,0.66,0.006,0.015,
III,pi+,Pb,D,1.8,4.1,2.2,3.2,0.4,0.5,0.0,1.5,0.474,0.003,0.011,
III,pi+,C,D,1.8,4.1,2.2,3.2,0.5,0.6,0.0,1.5,0.877,0.009,0.019,
III,pi+,Fe,D,1.8,4.1,2.2,3.2,0.5,0.6,0.0,1.5,0.625,0.006,0.014,
III,pi+,Pb,D,1.8,4.1,2.2,3.2,0.5,0.6,0.0,1.5,0.452,0.003,0.011,
III,pi+,C,D,1.8,4.1,2.2,3.2,0.6,0.7,0.0,1.5,0.808,0.01,0.033,
III,pi+,Fe,D,1.8,4.1,2.2,3.2,0.6,0.7,0.0,1.5,,,,value_missing_in_source
III,pi+,Pb,D,1.8,4.1,2.2,3.2,0.6,0.7,0.0,1.5,,,,value_missing_in_source
III,pi+,C,D,1.8,4.1,2.2,3.2,0.7,0.8,0.0,1.5,0.756,0.009,0.031,
III,pi+,Fe,D,1.8,4.1,2.2,3.2,0.7,0.8,0.0,1.5,,,,value_missing_in_source
III,pi+,Pb,D,1.8,4.1,2.2,3.2,0.7,0.8,0.0,1.5,,,,value_missing_in_source
III,pi+,C,D,1.8,4.1,2.2,3.2,0.8,0.9,0.0,1.5,0.815,0.011,0.034,
III,pi+,Fe,D,1.8,4.1,2.2,3.2,0.8,0.9,0.0,1.5,,,,value_missing_in_source
III,pi+,Pb,D,1.8,4.1,2.2,3.2,0.8,0.9,0.0,1.5,,,,value_missing_in_source
III,pi+,C,D,1.8,4.1,2.2,3.2,0.9,1.0,0.0,1.5,0.812,0.011,0.033,
III,pi+,Fe,D,1.8,4.1,2.2,3.2,0.9,1.0,0.0,1.5,0.532,0.007,0.022,
III,pi+,Pb,D,1.8,4.1,2.2,3.2,0.9,1.0,0.0,1.5,0.346,0.003,0.015,
IV,pi+,C,D,1.0,1.3,3.2,3.7,0.05,0.1,0.0,1.5,1.111,0.008,0.027,
IV,pi+,Fe,D,1.0,1.3,3.2,3.7,0.05,0.1,0.0,1.5,1.132,0.008,0.049,
IV,pi+,Pb,D,1.0,1.3,3.2,3.7,0.05,0.1,0.0,1.5,0.919,0.004,0.04,
IV,pi+,C,D,1.0,1.3,3.2,3.7,0.1,0.2,0.0,1.5,0.963,0.004,0.023,
IV,pi+,Fe,D,1.0,1.3,3.2,3.7,0.1,0.2,0.0,1.5,0.896,0.003,0.039,
IV,pi+,Pb,D,1.0,1.3,3.2,3.7,0.1,0.2,0.0,1.5,0.703,0.002,0.03,
IV,pi+,C,D,1.0,1.3,3.2,3.7,0.2,0.3,0.0,1.5,0.886,0.005,0.021,
IV,pi+,Fe,D,1.0,1.3,3.2,3.7,0.2,0.3,0.0,1.5,0.747,0.004,0.032,
IV,pi+,Pb,D,1.0,1.3,3.2,3.7,0.2,0.3,0.0,1.5,0.559,0.002,0.024,
IV,pi+,C,D,1.0,1.3,3.2,3.7,0.3,0.4,0.0,1.5,0.836,0.006,0.02,
IV,pi+,Fe,D,1.0,1.3,3.2,3.7,0.3,0.4,0.0,1.5,0.67,0.005,0.029,
IV,pi+,Pb,D,1.0,1.3,3.2,3.7,0.3,0.4,0.0,1.5,0.493,0.002,0.021,
IV,pi+,C,D,1.0,1.3,3.2,3.7,0.4,0.5,0.0,1.5,0.83,0.008,0.02,
IV,pi+,Fe,D,1.0,1.3,3.2,3.7,0.4,0.5,0.0,1.5,0.633,0.006,0.028,
IV,pi+,Pb,D,1.0,1.3,3.2,3.7,0.4,0.5,0.0,1.5,0.462,0.003,0.02,
IV,pi+,C,D,1.0,1.3,3.2,3.7,0.5,0.6,0.0,1.5,0.837,0.01,0.02,
IV,pi+,Fe,D,1.0,1.3,3.2,3.7,0.5,0.6,0.0,1.5,0.621,0.007,0.027,
IV,pi+,Pb,D,1.0,1.3,3.2,3.7,0.5,0.6,0.0,1.5,0.445,0.003,0.019,
IV,pi+,C,D,1.0,1.3,3.2,3.7,0.6,0.7,0.0,1.5,0.821,0.012,0.035,
IV,pi+,Fe,D,1.0,1.3,3.2,3.7,0.6,0.7,0.0,1.5,0.596,0.008,0.033,
IV,pi+,Pb,D,1.0,1.3,3.2,3.7,0.6,0.7,0.0,1.5,0.434,0.004,0.024,
IV,pi+,C,D,1.0,1.3,3.2,3.7,0.7,0.8,0.0,1.5,0.781,0.014,0.033,
IV,pi+,Fe,D,1.0,1.3,3.2,3.7,0.7,0.8,0.0,1.5,0.551,0.009,0.031,
IV,pi+,Pb,D,1.0,1.3,3.2,3.7,0.7,0.8,0.0,1.5,0.415,0.005,0.023,
IV,pi+,C,D,1.0,1.3,3.2,3.7,0.8,0.9,0.0,1.5,0.702,0.016,0.03,
IV,pi+,Fe,D,1.0,1.3,3.2,3.7,0.8,0.9,0.0,1.5,0.463,0.011,0.026,
IV,pi+,Pb,D,1.0,1.3,3.2,3.7,0.8,0.9,0.0,1.5,0.34,0.005,0.019,
IV,pi+,C,D,1.0,1.3,3.2,3.7,0.9,1.0,0.0,1.5,0.698,0.015,0.03,
IV,pi+,Fe,D,1.0,1.3,3.2,3.7,0.9,1.0,0.0,1.5,0.461,0.011,0.026,
IV,pi+,Pb,D,1.0,1.3,3.2,3.7,0.9,1.0,0.0,1.5,0.337,0.005,0.019,
IV,pi+,C,D,1.3,1.8,3.2,3.7,0.05,0.1,0.0,1.5,1.156,0.008,0.026,
IV,pi+,Fe,D,1.3,1.8,3.2,3.7,0.05,0.1,0.0,1.5,1.19,0.008,0.049,
IV,pi+,Pb,D,1.3,1.8,3.2,3.7,0.05,0.1,0.0,1.5,0.978,0.004,0.041,
IV,pi+,C,D,1.3,1.8,3.2,3.7,0.1,0.2,0.0,1.5,0.994,0.004,0.022,
IV,pi+,Fe,D,1.3,1.8,3.2,3.7,0.1,0.2,0.0,1.5,0.922,0.003,0.038,
IV,pi+,Pb,D,1.3,1.8,3.2,3.7,0.1,0.2,0.0,1.5,0.736,0.002,0.031,
IV,pi+,C,D,1.3,1.8,3.2,3.7,0.2,0.3,0.0,1.5,0.907,0.005,0.02,
IV,pi+,Fe,D,1.3,1.8,3.2,3.7,0.2,0.3,0.0,1.5,0.768,0.004,0.032,
IV,pi+,Pb,D,1.3,1.8,3.2,3.7,0.2,0.3,0.0,1.5,0.587,0.002,0.025,
IV,pi+,C,D,1.3,1.8,3.2,3.7,0.3,0.4,0.0,1.5,0.851,0.006,0.019,
IV,pi+,Fe,D,1.3,1.8,3.2,3.7,0.3,0.4,0.0,1.5,0.68,0.004,0.028,
IV,pi+,Pb,D,1.3,1.8,3.2,3.7,0.3,0.4,0.0,1.5,0.509,0.002,0.021,
IV,pi+,C,D,1.3,1.8,3.2,3.7,0.4,0.5,0.0,1.5,0.832,0.007,0.019,
IV,pi+,Fe,D,1.3,1.8,3.2,3.7,0.4,0.5,0.0,1.5,0.66,0.006,0.027,
IV,pi+,Pb,D,1.3,1.8,3.2,3.7,0.4,0.5,0.0,1.5,0.468,0.002,0.02,
IV,pi+,C,D,1.3,1.8,3.2,3.7,0.5,0.6,0.0,1.5,0.839,0.009,0.019,
IV,pi+,Fe,D,1.3,1.8,3.2,3.7,0.5,0.6,0.0,1.5,0.641,0.007,0.027,
IV,pi+,Pb,D,1.3,1.8,3.2,3.7,0.5,0.6,0.0,1.5,0.466,0.003,0.02,
IV,pi+,C,D,1.3,1.8,3.2,3.7,0.6,0.7,0.0,1.5,0.824,0.011,0.034,
IV,pi+,Fe,D,1.3,1.8,3.2,3.7,0.6,0.7,0.0,1.5,0.622,0.008,0.034,
IV,pi+,Pb,D,1.3,1.8,3.2,3.7,0.6,0.7,0.0,1.5,0.446,0.004,0.024,
IV,pi+,C,D,1.3,1.8,3.2,3.7,0.7,0.8,0.0,1.5,0.768,0.012,0.032,
IV,pi+,Fe,D,1.3,1.8,3.2,3.7,0.7,0.8,0.0,1.5,0.581,0.009,0.031,
IV,pi+,Pb,D,1.3,1.8,3.2,3.7,0.7,0.8,0.0,1.5,0.43,0.004,0.024,
IV,pi+,C,D,1.3,1.8,3.2,3.7,0.8,0.9,0.0,1.5,0.738,0.016,0.031,
IV,pi+,Fe,D,1.3,1.8,3.2,3.7,0.8,0.9,0.0,1.5,0.49,0.01,0.027,
IV,pi+,Pb,D,1.3,1.8,3.2,3.7,0.8,0.9,0.0,1.5,0.326,0.005,0.018,
IV,pi+,C,D,1.3,1.8,3.2,3.7,0.9,1.0,0.0,1.5,0.738,0.017,0.031,
IV,pi+,Fe,D,1.3,1.8,3.2,3.7,0.9,1.0,0.0,1.5,0.486,0.01,0.026,
IV,pi+,Pb,D,1.3,1.8,3.2,3.7,0.9,1.0,0.0,1.5,0.323,0.005,0.018,
IV,pi+,C,D,1.8,4.1,3.2,3.7,0.05,0.1,0.0,1.5,1.237,0.007,0.029,
IV,pi+,Fe,D,1.8,4.1,3.2,3.7,0.05,0.1,0.0,1.5,1.286,0.007,0.047,
IV,pi+,Pb,D,1.8,4.1,3.2,3.7,0.05,0.1,0.0,1.5,1.078,0.003,0.042,
IV,pi+,C,D,1.8,4.1,3.2,3.7,0.1,0.2,0.0,1.5,1.058,0.004,0.025,
IV,pi+,Fe,D,1.8,4.1,3.2,3.7,0.1,0.2,0.0,1.5,0.976,0.003,0.036,
IV,pi+,Pb,D,1.8,4.1,3.2,3.7,0.1,0.2,0.0,1.5,0.789,0.001,0.03,
IV,pi+,C,D,1.8,4.1,3.2,3.7,0.2,0.3,0.0,1.5,0.936,0.004,0.022,
IV,pi+,Fe,D,1.8,4.1,3.2,3.7,0.2,0.3,0.0,1.5,0.792,0.003,0.029,
IV,pi+,Pb,D,1.8,4.1,3.2,3.7,0.2,0.3,0.0,1.5,0.61,0.001,0.024,
IV,pi+,C,D,1.8,4.1,3.2,3.7,0.3,0.4,0.0,1.5,0.882,0.005,0.021,
IV,pi+,Fe,D,1.8,4.1,3.2,3.7,0.3,0.4,0.0,1.5,0.707,0.004,0.026,
IV,pi+,Pb,D,1.8,4.1,3.2,3.7,0.3,0.4,0.0,1.5,0.529,0.002,0.02,
IV,pi+,C,D,1.8,4.1,3.2,3.7,0.4,0.5,0.0,1.5,0.874,0.006,0.02,
IV,pi+,Fe,D,1.8,4.1,3.2,3.7,0.4,0.5,0.0,1.5,0.651,0.004,0.024,
IV,pi+,Pb,D,1.8,4.1,3.2,3.7,0.4,0.5,0.0,1.5,0.48,0.002,0.019,
IV,pi+,C,D,1.8,4.1,3.2,3.7,0.5,0.6,0.0,1.5,0.857,0.008,0.02,
IV,pi+,Fe,D,1.8,4.1,3.2,3.7,0.5,0.6,0.0,1.5,0.665,0.006,0.024,
IV,pi+,Pb,D,1.8,4.1,3.2,3.7,0.5,0.6,0.0,1.5,0.474,0.003,0.018,
IV,pi+,C,D,1.8,4.1,3.2,3.7,0.6,0.7,0.0,1.5,0.844,0.009,0.036,
IV,pi+,Fe,D,1.8,4.1,3.2,3.7,0.6,0.7,0.0,1.5,0.64,0.006,0.033,
IV,pi+,Pb,D,1.8,4.1,3.2,3.7,0.6,0.7,0.0,1.5,0.479,0.003,0.025,
IV,pi+,C,D,1.8,4.1,3.2,3.7,0.7,0.8,0.0,1.5,0.782,0.01,0.033,
IV,pi+,Fe,D,1.8,4.1,3.2,3.7,0.7,0.8,0.0,1.5,0.582,0.007,0.03,
IV,pi+,Pb,D,1.8,4.1,3.2,3.7,0.7,0.8,0.0,1.5,0.412,0.003,0.021,
IV,pi+,C,D,1.8,4.1,3.2,3.7,0.8,0.9,0.0,1.5,0.751,0.013,0.032,
IV,pi+,Fe,D,1.8,4.1,3.2,3.7,0.8,0.9,0.0,1.5,0.52,0.008,0.026,
IV,pi+,Pb,D,1.8,4.1,3.2,3.7,0.8,0.9,0.0,1.5,0.367,0.004,0.019,
IV,pi+,C,D,1.8,4.1,3.2,3.7,0.9,1.0,0.0,1.5,0.747,0.014,0.031,
IV,pi+,Fe,D,1.8,4.1,3.2,3.7,0.9,1.0,0.0,1.5,0.519,0.008,0.026,
IV,pi+,Pb,D,1.8,4.1,3.2,3.7,0.9,1.0,0.0,1.5,0.362,0.004,0.019,
V,pi+,C,D,1.0,1.3,3.7,4.2,0.05,0.1,0.0,1.5,1.06,0.006,0.034,
V,pi+,Fe,D,1.0,1.3,3.7,4.2,0.05,0.1,0.0,1.5,1.083,0.006,0.054,
V,pi+,Pb,D,1.0,1.3,3.7,4.2,0.05,0.1,0.0,1.5,0.893,0.003,0.04,
V,pi+,C,D,1.0,1.3,3.7,4.2,0.1,0.2,0.0,1.5,0.936,0.004,0.03,
V,pi+,Fe,D,1.0,1.3,3.7,4.2,0.1,0.2,0.0,1.5,0.885,0.004,0.044,
V,pi+,Pb,D,1.0,1.3,3.7,4.2,0.1,0.2,0.0,1.5,0.705,0.002,0.032,
V,pi+,C,D,1.0,1.3,3.7,4.2,0.2,0.3,0.0,1.5,0.876,0.005,0.028,
V,pi+,Fe,D,1.0,1.3,3.7,4.2,0.2,0.3,0.0,1.5,0.745,0.004,0.037,
V,pi+,Pb,D,1.0,1.3,3.7,4.2,0.2,0.3,0.0,1.5,0.564,0.002,0.026,
V,pi+,C,D,1.0,1.3,3.7,4.2,0.3,0.4,0.0,1.5,0.834,0.007,0.027,
V,pi+,Fe,D,1.0,1.3,3.7,4.2,0.3,0.4,0.0,1.5,0.689,0.006,0.035,
V,pi+,Pb,D,1.0,1.3,3.7,4.2,0.3,0.4,0.0,1.5,0.512,0.002,0.023,
V,pi+,C,D,1.0,1.3,3.7,4.2,0.4,0.5,0.0,1.5,0.832,0.009,0.027,
V,pi+,Fe,D,1.0,1.3,3.7,4.2,0.4,0.5,0.0,1.5,0.65,0.007,0.033,
V,pi+,Pb,D,1.0,1.3,3.7,4.2,0.4,0.5,0.0,1.5,0.479,0.003,0.022,
V,pi+,C,D,1.0,1.3,3.7,4.2,0.5,0.6,0.0,1.5,0.809,0.011,0.026,
V,pi+,Fe,D,1.0,1.3,3.7,4.2,0.5,0.6,0.0,1.5,0.634,0.008,0.032,
V,pi+,Pb,D,1.0,1.3,3.7,4.2,0.5,0.6,0.0,1.5,0.469,0.004,0.021,
V,pi+,C,D,1.0,1.3,3.7,4.2,0.6,0.7,0.0,1.5,0.814,0.015,0.039,
V,pi+,Fe,D,1.0,1.3,3.7,4.2,0.6,0.7,0.0,1.5,0.611,0.011,0.037,
V,pi+,Pb,D,1.0,1.3,3.7,4.2,0.6,0.7,0.0,1.5,0.439,0.005,0.025,
V,pi+,C,D,1.0,1.3,3.7,4.2,0.7,0.8,0.0,1.5,0.77,0.031,0.037,
V,pi+,Fe,D,1.0,1.3,3.7,4.2,0.7,0.8,0.0,1.5,0.569,0.022,0.035,
V,pi+,Pb,D,1.0,1.3,3.7,4.2,0.7,0.8,0.0,1.5,0.42,0.011,0.024,
V,pi+,C,D,1.0,1.3,3.7,4.2,0.8,0.9,0.0,1.5,0.717,0.022,0.034,
V,pi+,Fe,D,1.0,1.3,3.7,4.2,0.8,0.9,0.0,1.5,0.489,0.015,0.03,
V,pi+,Pb,D,1.0,1.3,3.7,4.2,0.8,0.9,0.0,1.5,0.327,0.007,0.019,
V,pi+,C,D,1.0,1.3,3.7,4.2,0.9,1.0,0.0,1.5,0.715,0.024,0.034,
V,pi+,Fe,D,1.0,1.3,3.7,4.2,0.9,1.0,0.0,1.5,0.485,0.015,0.03,
V,pi+,Pb,D,1.0,1.3,3.7,4.2,0.9,1.0,0.0,1.5,0.322,0.007,0.018,
V,pi+,C,D,1.3,1.8,3.7,4.2,0.05,0.1,0.0,1.5,1.105,0.007,0.031,
V,pi+,Fe,D,1.3,1.8,3.7,4.2,0.05,0.1,0.0,1.5,1.132,0.007,0.055,
V,pi+,Pb,D,1.3,1.8,3.7,4.2,0.05,0.1,0.0,1.5,0.946,0.003,0.045,
V,pi+,C,D,1.3,1.8,3.7,4.2,0.1,0.2,0.0,1.5,0.967,0.004,0.027,
V,pi+,Fe,D,1.3,1.8,3.7,4.2,0.1,0.2,0.0,1.5,0.897,0.004,0.044,
V,pi+,Pb,D,1.3,1.8,3.7,4.2,0.1,0.2,0.0,1.5,0.724,0.002,0.034,
V,pi+,C,D,1.3,1.8,3.7,4.2,0.2,0.3,0.0,1.5,0.895,0.005,0.025,
V,pi+,Fe,D,1.3,1.8,3.7,4.2,0.2,0.3,0.0,1.5,0.759,0.004,0.037,
V,pi+,Pb,D,1.3,1.8,3.7,4.2,0.2,0.3,0.0,1.5,0.584,0.002,0.028,
V,pi+,C,D,1.3,1.8,3.7,4.2,0.3,0.4,0.0,1.5,0.858,0.007,0.024,
V,pi+,Fe,D,1.3,1.8,3.7,4.2,0.3,0.4,0.0,1.5,0.69,0.005,0.034,
V,pi+,Pb,D,1.3,1.8,3.7,4.2,0.3,0.4,0.0,1.5,0.521,0.002,0.025,
V,pi+,C,D,1.3,1.8,3.7,4.2,0.4,0.5,0.0,1.5,0.86,0.009,0.024,
V,pi+,Fe,D,1.3,1.8,3.7,4.2,0.4,0.5,0.0,1.5,0.661,0.007,0.032,
V,pi+,Pb,D,1.3,1.8,3.7,4.2,0.4,0.5,0.0,1.5,0.49,0.003,0.023,
V,pi+,C,D,1.3,1.8,3.7,4.2,0.5,0.6,0.0,1.5,0.842,0.011,0.023,
V,pi+,Fe,D,1.3,1.8,3.7,4.2,0.5,0.6,0.0,1.5,0.65,0.008,0.032,
V,pi+,Pb,D,1.3,1.8,3.7,4.2,0.5,0.6,0.0,1.5,0.495,0.004,0.023,
V,pi+,C,D,1.3,1.8,3.7,4.2,0.6,0.7,0.0,1.5,0.847,0.015,0.038,
V,pi+,Fe,D,1.3,1.8,3.7,4.2,0.6,0.7,0.0,1.5,0.611,0.011,0.037,
V,pi+,Pb,D,1.3,1.8,3.7,4.2,0.6,0.7,0.0,1.5,0.473,0.005,0.028,
V,pi+,C,D,1.3,1.8,3.7,4.2,0.7,0.8,0.0,1.5,0.837,0.031,0.037,
V,pi+,Fe,D,1.3,1.8,3.7,4.2,0.7,0.8,0.0,1.5,0.633,0.024,0.038,
V,pi+,Pb,D,1.3,1.8,3.7,4.2,0.7,0.8,0.0,1.5,0.409,0.01,0.024,
V,pi+,C,D,1.3,1.8,3.7,4.2,0.8,0.9,0.0,1.5,0.721,0.019,0.032,
V,pi+,Fe,D,1.3,1.8,3.7,4.2,0.8,0.9,0.0,1.5,0.49,0.013,0.029,
V,pi+,Pb,D,1.3,1.8,3.7,4.2,0.8,0.9,0.0,1.5,0.34,0.006,0.02,
V,pi+,C,D,1.3,1.8,3.7,4.2,0.9,1.0,0.0,1.5,0.717,0.021,0.032,
V,pi+,Fe,D,1.3,1.8,3.7,4.2,0.9,1.0,0.0,1.5,0.491,0.015,0.029,
V,pi+,Pb,D,1.3,1.8,3.7,4.2,0.9,1.0,0.0,1.5,0.336,0.006,0.02,
V,pi+,C,D,1.8,4.1,3.7,4.2,0.05,0.1,0.0,1.5,1.184,0.006,0.026,
V,pi+,Fe,D,1.8,4.1,3.7,4.2,0.05,0.1,0.0,1.5,1.236,0.006,0.058,
V,pi+,Pb,D,1.8,4.1,3.7,4.2,0.05,0.1,0.0,1.5,1.052,0.003,0.052,
V,pi+,C,D,1.8,4.1,3.7,4.2,0.1,0.2,0.0,1.5,1.007,0.004,0.022,
V,pi+,Fe,D,1.8,4.1,3.7,4.2,0.1,0.2,0.0,1.5,0.944,0.003,0.044,
V,pi+,Pb,D,1.8,4.1,3.7,4.2,0.1,0.2,0.0,1.5,0.78,0.002,0.039,
V,pi+,C,D,1.8,4.1,3.7,4.2,0.2,0.3,0.0,1.5,0.929,0.005,0.021,
V,pi+,Fe,D,1.8,4.1,3.7,4.2,0.2,0.3,0.0,1.5,0.774,0.004,0.036,
V,pi+,Pb,D,1.8,4.1,3.7,4.2,0.2,0.3,0.0,1.5,0.61,0.002,0.03,
V,pi+,C,D,1.8,4.1,3.7,4.2,0.3,0.4,0.0,1.5,0.883,0.006,0.02,
V,pi+,Fe,D,1.8,4.1,3.7,4.2,0.3,0.4,0.0,1.5,0.706,0.005,0.033,
V,pi+,Pb,D,1.8,4.1,3.7,4.2,0.3,0.4,0.0,1.5,0.537,0.002,0.027,
V,pi+,C,D,1.8,4.1,3.7,4.2,0.4,0.5,0.0,1.5,0.859,0.008,0.019,
V,pi+,Fe,D,1.8,4.1,3.7,4.2,0.4,0.5,0.0,1.5,0.674,0.006,0.031,
V,pi+,Pb,D,1.8,4.1,3.7,4.2,0.4,0.5,0.0,1.5,0.496,0.003,0.025,
V,pi+,C,D,1.8,4.1,3.7,4.2,0.5,0.6,0.0,1.5,0.846,0.009,0.019,
V,pi+,Fe,D,1.8,4.1,3.7,4.2,0.5,0.6,0.0,1.5,0.674,0.007,0.031,
V,pi+,Pb,D,1.8,4.1,3.7,4.2,0.5,0.6,0.0,1.5,0.488,0.003,0.024,
V,pi+,C,D,1.8,4.1,3.7,4.2,0.6,0.7,0.0,1.5,0.861,0.012,0.036,
V,pi+,Fe,D,1.8,4.1,3.7,4.2,0.6,0.7,0.0,1.5,0.647,0.009,0.038,
V,pi+,Pb,D,1.8,4.1,3.7,4.2,0.6,0.7,0.0,1.5,0.481,0.004,0.029,
V,pi+,C,D,1.8,4.1,3.7,4.2,0.7,0.8,0.0,1.5,0.81,0.023,0.034,
V,pi+,Fe,D,1.8,4.1,3.7,4.2,0.7,0.8,0.0,1.5,0.585,0.016,0.034,
V,pi+,Pb,D,1.8,4.1,3.7,4.2,0.7,0.8,0.0,1.5,0.42,0.008,0.026,
V,pi+,C,D,1.8,4.1,3.7,4.2,0.8,0.9,0.0,1.5,0.745,0.015,0.031,
V,pi+,Fe,D,1.8,4.1,3.7,4.2,0.8,0.9,0.0,1.5,0.518,0.01,0.03,
V,pi+,Pb,D,1.8,4.1,3.7,4.2,0.8,0.9,0.0,1.5,0.378,0.005,0.023,
V,pi+,C,D,1.8,4.1,3.7,4.2,0.9,1.0,0.0,1.5,0.742,0.016,0.03,
V,pi+,Fe,D,1.8,4.1,3.7,4.2,0.9,1.0,0.0,1.5,0.514,0.01,0.03,
V,pi+,Pb,D,1.8,4.1,3.7,4.2,0.9,1.0,0.0,1.5,0.375,0.005,0.023,
VI,pi-,C,D,1.0,1.3,2.2,3.2,0.05,0.1,0.0,1.5,1.146,0.022,0.03,
VI,pi-,Fe,D,1.0,1.3,2.2,3.2,0.05,0.1,0.0,1.5,1.127,0.022,0.042,
VI,pi-,Pb,D,1.0,1.3,2.2,3.2,0.05,0.1,0.0,1.5,0.979,0.01,0.038,
VI,pi-,C,D,1.0,1.3,2.2,3.2,0.1,0.2,0.0,1.5,0.979,0.006,0.026,
VI,pi-,Fe,D,1.0,1.3,2.2,3.2,0.1,0.2,0.0,1.5,0.921,0.006,0.034,
VI,pi-,Pb,D,1.0,1.3,2.2,3.2,0.1,0.2,0.0,1.5,0.773,0.003,0.03,
VI,pi-,C,D,1.0,1.3,2.2,3.2,0.2,0.3,0.0,1.5,0.893,0.006,0.023,
VI,pi-,Fe,D,1.0,1.3,2.2,3.2,0.2,0.3,0.0,1.5,0.784,0.005,0.029,
VI,pi-,Pb,D,1.0,1.3,2.2,3.2,0.2,0.3,0.0,1.5,0.642,0.002,0.025,
VI,pi-,C,D,1.0,1.3,2.2,3.2,0.3,0.4,0.0,1.5,0.845,0.008,0.022,
VI,pi-,Fe,D,1.0,1.3,2.2,3.2,0.3,0.4,0.0,1.5,0.701,0.006,0.026,
VI,pi-,Pb,D,1.0,1.3,2.2,3.2,0.3,0.4,0.0,1.5,0.541,0.003,0.021,
VI,pi-,C,D,1.0,1.3,2.2,3.2,0.4,0.5,0.0,1.5,0.802,0.011,0.021,
VI,pi-,Fe,D,1.0,1.3,2.2,3.2,0.4,0.5,0.0,1.5,0.645,0.009,0.024,
VI,pi-,Pb,D,1.0,1.3,2.2,3.2,0.4,0.5,0.0,1.5,0.487,0.004,0.019,
VI,pi-,C,D,1.0,1.3,2.2,3.2,0.5,0.6,0.0,1.5,0.779,0.015,0.02,
VI,pi-,Fe,D,1.0,1.3,2.2,3.2,0.5,0.6,0.0,1.5,0.591,0.011,0.022,
VI,pi-,Pb,D,1.0,1.3,2.2,3.2,0.5,0.6,0.0,1.5,0.435,0.005,0.017,
VI,pi-,C,D,1.0,1.3,2.2,3.2,0.6,0.7,0.0,1.5,0.746,0.02,0.03,
VI,pi-,Fe,D,1.0,1.3,2.2,3.2,0.6,0.7,0.0,1.5,0.56,0.014,0.027,
VI,pi-,Pb,D,1.0,1.3,2.2,3.2,0.6,0.7,0.0,1.5,0.448,0.007,0.022,
VI,pi-,C,D,1.0,1.3,2.2,3.2,0.7,0.8,0.0,1.5,0.714,0.026,0.029,
VI,pi-,Fe,D,1.0,1.3,2.2,3.2,0.7,0.8,0.0,1.5,0.575,0.02,0.028,
VI,pi-,Pb,D,1.0,1.3,2.2,3.2,0.7,0.8,0.0,1.5,0.404,0.01,0.02,
VI,pi-,C,D,1.3,1.8,2.2,3.2,0.05,0.1,0.0,1.5,1.194,0.021,0.031,
VI,pi-,Fe,D,1.3,1.8,2.2,3.2,0.05,0.1,0.0,1.5,1.204,0.021,0.036,
VI,pi-,Pb,D,1.3,1.8,2.2,3.2,0.05,0.1,0.0,1.5,1.097,0.01,0.034,
VI,pi-,C,D,1.3,1.8,2.2,3.2,0.1,0.2,0.0,1.5,1.011,0.006,0.026,
VI,pi-,Fe,D,1.3,1.8,2.2,3.2,0.1,0.2,0.0,1.5,0.947,0.006,0.028,
VI,pi-,Pb,D,1.3,1.8,2.2,3.2,0.1,0.2,0.0,1.5,0.819,0.003,0.025,
VI,pi-,C,D,1.3,1.8,2.2,3.2,0.2,0.3,0.0,1.5,0.916,0.006,0.024,
VI,pi-,Fe,D,1.3,1.8,2.2,3.2,0.2,0.3,0.0,1.5,0.801,0.005,0.024,
VI,pi-,Pb,D,1.3,1.8,2.2,3.2,0.2,0.3,0.0,1.5,0.662,0.002,0.02,
VI,pi-,C,D,1.3,1.8,2.2,3.2,0.3,0.4,0.0,1.5,0.866,0.008,0.023,
VI,pi-,Fe,D,1.3,1.8,2.2,3.2,0.3,0.4,0.0,1.5,0.715,0.006,0.021,
VI,pi-,Pb,D,1.3,1.8,2.2,3.2,0.3,0.4,0.0,1.5,0.571,0.003,0.018,
VI,pi-,C,D,1.3,1.8,2.2,3.2,0.4,0.5,0.0,1.5,0.81,0.01,0.021,
VI,pi-,Fe,D,1.3,1.8,2.2,3.2,0.4,0.5,0.0,1.5,0.621,0.008,0.019,
VI,pi-,Pb,D,1.3,1.8,2.2,3.2,0.4,0.5,0.0,1.5,0.484,0.004,0.015,
VI,pi-,C,D,1.3,1.8,2.2,3.2,0.5,0.6,0.0,1.5,0.794,0.014,0.021,
VI,pi-,Fe,D,1.3,1.8,2.2,3.2,0.5,0.6,0.0,1.5,,,,value_missing_in_source
VI,pi-,Pb,D,1.3,1.8,2.2,3.2,0.5,0.6,0.0,1.5,,,,value_missing_in_source
VI,pi-,C,D,1.3,1.8,2.2,3.2,0.6,0.7,0.0,1.5,0.779,0.019,0.031,
VI,pi-,Fe,D,1.3,1.8,2.2,3.2,0.6,0.7,0.0,1.5,0.595,0.014,0.025,
VI,pi-,Pb,D,1.3,1.8,2.2,3.2,0.6,0.7,0.0,1.5,0.475,0.007,0.02,
VI,pi-,C,D,1.3,1.8,2.2,3.2,0.7,0.8,0.0,1.5,0.736,0.026,0.029,
VI,pi-,Fe,D,1.3,1.8,2.2,3.2,0.7,0.8,0.0,1.5,0.574,0.019,0.024,
VI,pi-,Pb,D,1.3,1.8,2.2,3.2,0.7,0.8,0.0,1.5,0.401,0.009,0.017,
VI,pi-,C,D,1.8,4.1,2.2,3.2,0.05,0.1,0.0,1.5,1.325,0.025,0.035,
VI,pi-,Fe,D,1.8,4.1,2.2,3.2,0.05,0.1,0.0,1.5,1.332,0.025,0.036,
VI,pi-,Pb,D,1.8,4.1,2.2,3.2,0.05,0.1,0.0,1.5,1.297,0.013,0.035,
VI,pi-,C,D,1.8,4.1,2.2,3.2,0.1,0.2,0.0,1.5,1.085,0.008,0.028,
VI,pi-,Fe,D,1.8,4.1,2.2,3.2,0.1,0.2,0.0,1.5,1.005,0.007,0.027,
VI,pi-,Pb,D,1.8,4.1,2.2,3.2,0.1,0.2,0.0,1.5,0.901,0.004,0.024,
VI,pi-,C,D,1.8,4.1,2.2,3.2,0.2,0.3,0.0,1.5,0.98,0.008,0.026,
VI,pi-,Fe,D,1.8,4.1,2.2,3.2,0.2,0.3,0.0,1.5,0.834,0.007,0.022,
VI,pi-,Pb,D,1.8,4.1,2.2,3.2,0.2,0.3,0.0,1.5,0.7,0.003,0.019,
VI,pi-,C,D,1.8,4.1,2.2,3.2,0.3,0.4,0.0,1.5,0.92,0.01,0.024,
VI,pi-,Fe,D,1.8,4.1,2.2,3.2,0.3,0.4,0.0,1.5,0.748,0.008,0.02,
VI,pi-,Pb,D,1.8,4.1,2.2,3.2,0.3,0.4,0.0,1.5,0.602,0.004,0.016,
VI,pi-,C,D,1.8,4.1,2.2,3.2,0.4,0.5,0.0,1.5,0.841,0.013,0.022,
VI,pi-,Fe,D,1.8,4.1,2.2,3.2,0.4,0.5,0.0,1.5,0.658,0.01,0.018,
VI,pi-,Pb,D,1.8,4.1,2.2,3.2,0.4,0.5,0.0,1.5,0.522,0.005,0.014,
VI,pi-,C,D,1.8,4.1,2.2,3.2,0.5,0.6,0.0,1.5,0.824,0.018,0.022,
VI,pi-,Fe,D,1.8,4.1,2.2,3.2,0.5,0.6,0.0,1.5,0.61,0.013,0.016,
VI,pi-,Pb,D,1.8,4.1,2.2,3.2,0.5,0.6,0.0,1.5,0.492,0.007,0.013,
VI,pi-,C,D,1.8,4.1,2.2,3.2,0.6,0.7,0.0,1.5,0.824,0.026,0.033,
VI,pi-,Fe,D,1.8,4.1,2.2,3.2,0.6,0.7,0.0,1.5,,,,value_missing_in_source
VI,pi-,Pb,D,1.8,4.1,2.2,3.2,0.6,0.7,0.0,1.5,,,,value_missing_in_source
VI,pi-,C,D,1.8,4.1,2.2,3.2,0.7,0.8,0.0,1.5,,,,OCR_corrupt_row_in_source;value_missing_in_source
VI,pi-,Fe,D,1.8,4.1,2.2,3.2,0.7,0.8,0.0,1.5,0.505,0.038,0.034,OCR_corrupt_row_in_source
VI,pi-,Pb,D,1.8,4.1,2.2,3.2,0.7,0.8,0.0,1.5,0.467,0.014,0.019,OCR_corrupt_row_in_source
VII,pi-,C,D,1.0,1.3,3.2,3.7,0.05,0.1,0.0,1.5,1.081,0.013,0.03,
VII,pi-,Fe,D,1.0,1.3,3.2,3.7,0.05,0.1,0.0,1.5,1.13,0.014,0.052,
VII,pi-,Pb,D,1.0,1.3,3.2,3.7,0.05,0.1,0.0,1.5,0.996,0.006,0.045,
VII,pi-,C,D,1.0,1.3,3.2,3.7,0.1,0.2,0.0,1.5,0.959,0.006,0.027,
VII,pi-,Fe,D,1.0,1.3,3.2,3.7,0.1,0.2,0.0,1.5,0.921,0.006,0.042,
VII,pi-,Pb,D,1.0,1.3,3.2,3.7,0.1,0.2,0.0,1.5,0.797,0.003,0.036,
VII,pi-,C,D,1.0,1.3,3.2,3.7,0.2,0.3,0.0,1.5,0.872,0.007,0.024,
VII,pi-,Fe,D,1.0,1.3,3.2,3.7,0.2,0.3,0.0,1.5,0.789,0.006,0.036,
VII,pi-,Pb,D,1.0,1.3,3.2,3.7,0.2,0.3,0.0,1.5,0.655,0.003,0.03,
VII,pi-,C,D,1.0,1.3,3.2,3.7,0.3,0.4,0.0,1.5,0.837,0.011,0.023,
VII,pi-,Fe,D,1.0,1.3,3.2,3.7,0.3,0.4,0.0,1.5,0.717,0.009,0.033,
VII,pi-,Pb,D,1.0,1.3,3.2,3.7,0.3,0.4,0.0,1.5,0.572,0.004,0.026,
VII,pi-,C,D,1.0,1.3,3.2,3.7,0.4,0.5,0.0,1.5,0.837,0.018,0.023,
VII,pi-,Fe,D,1.0,1.3,3.2,3.7,0.4,0.5,0.0,1.5,0.702,0.015,0.032,
VII,pi-,Pb,D,1.0,1.3,3.2,3.7,0.4,0.5,0.0,1.5,0.562,0.007,0.025,
VII,pi-,C,D,1.0,1.3,3.2,3.7,0.5,0.6,0.0,1.5,0.89,0.032,0.025,
VII,pi-,Fe,D,1.0,1.3,3.2,3.7,0.5,0.6,0.0,1.5,0.699,0.024,0.032,
VII,pi-,Pb,D,1.0,1.3,3.2,3.7,0.5,0.6,0.0,1.5,0.546,0.012,0.025,
VII,pi-,C,D,1.0,1.3,3.2,3.7,0.6,0.7,0.0,1.5,0.839,0.051,0.034,
VII,pi-,Fe,D,1.0,1.3,3.2,3.7,0.6,0.7,0.0,1.5,0.718,0.041,0.039,
VII,pi-,Pb,D,1.0,1.3,3.2,3.7,0.6,0.7,0.0,1.5,0.523,0.02,0.028,
VII,pi-,C,D,1.0,1.3,3.2,3.7,0.7,0.8,0.0,1.5,0.719,0.083,0.03,
VII,pi-,Fe,D,1.0,1.3,3.2,3.7,0.7,0.8,0.0,1.5,0.732,0.078,0.04,
VII,pi-,Pb,D,1.0,1.3,3.2,3.7,0.7,0.8,0.0,1.5,0.563,0.04,0.031,
VII,pi-,C,D,1.3,1.8,3.2,3.7,0.05,0.1,0.0,1.5,1.132,0.013,0.03,
VII,pi-,Fe,D,1.3,1.8,3.2,3.7,0.05,0.1,0.0,1.5,1.173,0.014,0.051,
VII,pi-,Pb,D,1.3,1.8,3.2,3.7,0.05,0.1,0.0,1.5,1.072,0.007,0.048,
VII,pi-,C,D,1.3,1.8,3.2,3.7,0.1,0.2,0.0,1.5,0.986,0.006,0.026,
VII,pi-,Fe,D,1.3,1.8,3.2,3.7,0.1,0.2,0.0,1.5,0.952,0.006,0.042,
VII,pi-,Pb,D,1.3,1.8,3.2,3.7,0.1,0.2,0.0,1.5,0.837,0.003,0.037,
VII,pi-,C,D,1.3,1.8,3.2,3.7,0.2,0.3,0.0,1.5,0.914,0.007,0.024,
VII,pi-,Fe,D,1.3,1.8,3.2,3.7,0.2,0.3,0.0,1.5,0.81,0.006,0.035,
VII,pi-,Pb,D,1.3,1.8,3.2,3.7,0.2,0.3,0.0,1.5,0.676,0.003,0.03,
VII,pi-,C,D,1.3,1.8,3.2,3.7,0.3,0.4,0.0,1.5,0.868,0.01,0.023,
VII,pi-,Fe,D,1.3,1.8,3.2,3.7,0.3,0.4,0.0,1.5,0.722,0.008,0.032,
VII,pi-,Pb,D,1.3,1.8,3.2,3.7,0.3,0.4,0.0,1.5,0.574,0.004,0.025,
VII,pi-,C,D,1.3,1.8,3.2,3.7,0.4,0.5,0.0,1.5,0.839,0.016,0.022,
VII,pi-,Fe,D,1.3,1.8,3.2,3.7,0.4,0.5,0.0,1.5,0.681,0.013,0.03,
VII,pi-,Pb,D,1.3,1.8,3.2,3.7,0.4,0.5,0.0,1.5,0.545,0.006,0.024,
VII,pi-,C,D,1.3,1.8,3.2,3.7,0.5,0.6,0.0,1.5,0.819,0.026,0.022,
VII,pi-,Fe,D,1.3,1.8,3.2,3.7,0.5,0.6,0.0,1.5,0.721,0.022,0.031,
VII,pi-,Pb,D,1.3,1.8,3.2,3.7,0.5,0.6,0.0,1.5,0.563,0.011,0.025,
VII,pi-,C,D,1.3,1.8,3.2,3.7,0.6,0.7,0.0,1.5,0.874,0.046,0.035,
VII,pi-,Fe,D,1.3,1.8,3.2,3.7,0.6,0.7,0.0,1.5,0.727,0.036,0.039,
VII,pi-,Pb,D,1.3,1.8,3.2,3.7,0.6,0.7,0.0,1.5,0.586,0.018,0.031,
VII,pi-,C,D,1.3,1.8,3.2,3.7,0.7,0.8,0.0,1.5,0.8,0.079,0.032,
VII,pi-,Fe,D,1.3,1.8,3.2,3.7,0.7,0.8,0.0,1.5,0.753,0.067,0.04,
VII,pi-,Pb,D,1.3,1.8,3.2,3.7,0.7,0.8,0.0,1.5,0.575,0.032,0.031,
VII,pi-,C,D,1.8,4.1,3.2,3.7,0.05,0.1,0.0,1.5,1.255,0.013,0.034,
VII,pi-,Fe,D,1.8,4.1,3.2,3.7,0.05,0.1,0.0,1.5,1.334,0.014,0.052,
VII,pi-,Pb,D,1.8,4.1,3.2,3.7,0.05,0.1,0.0,1.5,1.233,0.007,0.051,
VII,pi-,C,D,1.8,4.1,3.2,3.7,0.1,0.2,0.0,1.5,1.058,0.006,0.029,
VII,pi-,Fe,D,1.8,4.1,3.2,3.7,0.1,0.2,0.0,1.5,1.031,0.005,0.041,
VII,pi-,Pb,D,1.8,4.1,3.2,3.7,0.1,0.2,0.0,1.5,0.923,0.003,0.038,
VII,pi-,C,D,1.8,4.1,3.2,3.7,0.2,0.3,0.0,1.5,0.956,0.006,0.026,
VII,pi-,Fe,D,1.8,4.1,3.2,3.7,0.2,0.3,0.0,1.5,0.857,0.005,0.034,
VII,pi-,Pb,D,1.8,4.1,3.2,3.7,0.2,0.3,0.0,1.5,0.73,0.003,0.03,
VII,pi-,C,D,1.8,4.1,3.2,3.7,0.3,0.4,0.0,1.5,0.908,0.009,0.025,
VII,pi-,Fe,D,1.8,4.1,3.2,3.7,0.3,0.4,0.0,1.5,0.754,0.007,0.03,
VII,pi-,Pb,D,1.8,4.1,3.2,3.7,0.3,0.4,0.0,1.5,0.617,0.004,0.025,
VII,pi-,C,D,1.8,4.1,3.2,3.7,0.4,0.5,0.0,1.5,0.852,0.013,0.023,
VII,pi-,Fe,D,1.8,4.1,3.2,3.7,0.4,0.5,0.0,1.5,0.694,0.011,0.027,
VII,pi-,Pb,D,1.8,4.1,3.2,3.7,0.4,0.5,0.0,1.5,0.545,0.005,0.022,
VII,pi-,C,D,1.8,4.1,3.2,3.7,0.5,0.6,0.0,1.5,0.841,0.021,0.023,
VII,pi-,Fe,D,1.8,4.1,3.2,3.7,0.5,0.6,0.0,1.5,0.694,0.016,0.027,
VII,pi-,Pb,D,1.8,4.1,3.2,3.7,0.5,0.6,0.0,1.5,0.545,0.008,0.022,
VII,pi-,C,D,1.8,4.1,3.2,3.7,0.6,0.7,0.0,1.5,0.836,0.033,0.034,
VII,pi-,Fe,D,1.8,4.1,3.2,3.7,0.6,0.7,0.0,1.5,0.69,0.026,0.034,
VII,pi-,Pb,D,1.8,4.1,3.2,3.7,0.6,0.7,0.0,1.5,0.544,0.013,0.028,
VII,pi-,C,D,1.8,4.1,3.2,3.7,0.7,0.8,0.0,1.5,1.006,0.073,0.041,
VII,pi-,Fe,D,1.8,4.1,3.2,3.7,0.7,0.8,0.0,1.5,0.741,0.049,0.037,
VII,pi-,Pb,D,1.8,4.1,3.2,3.7,0.7,0.8,0.0,1.5,0.703,0.028,0.036,
VIII,pi-,C,D,1.0,1.3,3.7,4.2,0.05,0.1,0.0,1.5,1.056,0.011,0.037,
VIII,pi-,Fe,D,1.0,1.3,3.7,4.2,0.05,0.1,0.0,1.5,1.099,0.011,0.057,
VIII,pi-,Pb,D,1.0,1.3,3.7,4.2,0.05,0.1,0.0,1.5,0.991,0.005,0.047,
VIII,pi-,C,D,1.0,1.3,3.7,4.2,0.1,0.2,0.0,1.5,0.933,0.006,0.033,
VIII,pi-,Fe,D,1.0,1.3,3.7,4.2,0.1,0.2,0.0,1.5,0.928,0.006,0.048,
VIII,pi-,Pb,D,1.0,1.3,3.7,4.2,0.1,0.2,0.0,1.5,0.794,0.003,0.038,
VIII,pi-,C,D,1.0,1.3,3.7,4.2,0.2,0.3,0.0,1.5,0.872,0.008,0.03,
VIII,pi-,Fe,D,1.0,1.3,3.7,4.2,0.2,0.3,0.0,1.5,0.793,0.007,0.041,
VIII,pi-,Pb,D,1.0,1.3,3.7,4.2,0.2,0.3,0.0,1.5,0.666,0.003,0.031,
VIII,pi-,C,D,1.0,1.3,3.7,4.2,0.3,0.4,0.0,1.5,0.831,0.014,0.029,
VIII,pi-,Fe,D,1.0,1.3,3.7,4.2,0.3,0.4,0.0,1.5,0.742,0.012,0.039,
VIII,pi-,Pb,D,1.0,1.3,3.7,4.2,0.3,0.4,0.0,1.5,0.593,0.006,0.028,
VIII,pi-,C,D,1.0,1.3,3.7,4.2,0.4,0.5,0.0,1.5,0.921,0.03,0.032,
VIII,pi-,Fe,D,1.0,1.3,3.7,4.2,0.4,0.5,0.0,1.5,0.715,0.022,0.037,
VIII,pi-,Pb,D,1.0,1.3,3.7,4.2,0.4,0.5,0.0,1.5,0.6,0.011,0.028,
VIII,pi-,C,D,1.0,1.3,3.7,4.2,0.5,0.6,0.0,1.5,0.84,0.054,0.029,
VIII,pi-,Fe,D,1.0,1.3,3.7,4.2,0.5,0.6,0.0,1.5,0.88,0.053,0.046,
VIII,pi-,Pb,D,1.0,1.3,3.7,4.2,0.5,0.6,0.0,1.5,0.716,0.026,0.034,
VIII,pi-,C,D,1.0,1.3,3.7,4.2,0.6,0.7,0.0,1.5,0.944,0.127,0.043,
VIII,pi-,Fe,D,1.0,1.3,3.7,4.2,0.6,0.7,0.0,1.5,0.875,0.116,0.053,
VIII,pi-,Pb,D,1.0,1.3,3.7,4.2,0.6,0.7,0.0,1.5,0.431,0.039,0.024,
VIII,pi-,C,D,1.0,1.3,3.7,4.2,0.7,0.8,0.0,1.5,,,,value_missing_in_source
VIII,pi-,Fe,D,1.0,1.3,3.7,4.2,0.7,0.8,0.0,1.5,,,,value_missing_in_source
VIII,pi-,Pb,D,1.0,1.3,3.7,4.2,0.7,0.8,0.0,1.5,,,,value_missing_in_source
VIII,pi-,C,D,1.3,1.8,3.7,4.2,0.05,0.1,0.0,1.5,1.077,0.011,0.033,
VIII,pi-,Fe,D,1.3,1.8,3.7,4.2,0.05,0.1,0.0,1.5,1.145,0.012,0.058,
VIII,pi-,Pb,D,1.3,1.8,3.7,4.2,0.05,0.1,0.0,1.5,1.05,0.006,0.052,
VIII,pi-,C,D,1.3,1.8,3.7,4.2,0.1,0.2,0.0,1.5,0.984,0.007,0.03,
VIII,pi-,Fe,D,1.3,1.8,3.7,4.2,0.1,0.2,0.0,1.5,0.938,0.006,0.048,
VIII,pi-,Pb,D,1.3,1.8,3.7,4.2,0.1,0.2,0.0,1.5,0.84,0.003,0.041,
VIII,pi-,C,D,1.3,1.8,3.7,4.2,0.2,0.3,0.0,1.5,0.885,0.008,0.027,
VIII,pi-,Fe,D,1.3,1.8,3.7,4.2,0.2,0.3,0.0,1.5,0.798,0.007,0.04,
VIII,pi-,Pb,D,1.3,1.8,3.7,4.2,0.2,0.3,0.0,1.5,0.676,0.004,0.033,
VIII,pi-,C,D,1.3,1.8,3.7,4.2,0.3,0.4,0.0,1.5,0.848,0.014,0.026,
VIII,pi-,Fe,D,1.3,1.8,3.7,4.2,0.3,0.4,0.0,1.5,0.737,0.012,0.037,
VIII,pi-,Pb,D,1.3,1.8,3.7,4.2,0.3,0.4,0.0,1.5,0.62,0.006,0.031,
VIII,pi-,C,D,1.3,1.8,3.7,4.2,0.4,0.5,0.0,1.5,0.86,0.027,0.027,
VIII,pi-,Fe,D,1.3,1.8,3.7,4.2,0.4,0.5,0.0,1.5,0.766,0.023,0.039,
VIII,pi-,Pb,D,1.3,1.8,3.7,4.2,0.4,0.5,0.0,1.5,0.572,0.011,0.028,
VIII,pi-,C,D,1.3,1.8,3.7,4.2,0.5,0.6,0.0,1.5,0.951,0.057,0.029,
VIII,pi-,Fe,D,1.3,1.8,3.7,4.2,0.5,0.6,0.0,1.5,0.889,0.051,0.045,
VIII,pi-,Pb,D,1.3,1.8,3.7,4.2,0.5,0.6,0.0,1.5,0.629,0.022,0.031,
VIII,pi-,C,D,1.3,1.8,3.7,4.2,0.6,0.7,0.0,1.5,0.863,0.105,0.037,
VIII,pi-,Fe,D,1.3,1.8,3.7,4.2,0.6,0.7,0.0,1.5,0.782,0.089,0.046,
VIII,pi-,Pb,D,1.3,1.8,3.7,4.2,0.6,0.7,0.0,1.5,0.443,0.036,0.026,
VIII,pi-,C,D,1.3,1.8,3.7,4.2,0.7,0.8,0.0,1.5,1.777,0.69,0.077,
VIII,pi-,Fe,D,1.3,1.8,3.7,4.2,0.7,0.8,0.0,1.5,0.911,0.354,0.054,
VIII,pi-,Pb,D,1.3,1.8,3.7,4.2,0.7,0.8,0.0,1.5,0.772,0.172,0.045,
VIII,pi-,C,D,1.8,4.1,3.7,4.2,0.05,0.1,0.0,1.5,1.2,0.011,0.031,
VIII,pi-,Fe,D,1.8,4.1,3.7,4.2,0.05,0.1,0.0,1.5,1.303,0.012,0.063,
VIII,pi-,Pb,D,1.8,4.1,3.7,4.2,0.05,0.1,0.0,1.5,1.203,0.006,0.062,
VIII,pi-,C,D,1.8,4.1,3.7,4.2,0.1,0.2,0.0,1.5,1.021,0.006,0.027,
VIII,pi-,Fe,D,1.8,4.1,3.7,4.2,0.1,0.2,0.0,1.5,1.006,0.006,0.049,
VIII,pi-,Pb,D,1.8,4.1,3.7,4.2,0.1,0.2,0.0,1.5,0.916,0.003,0.047,
VIII,pi-,C,D,1.8,4.1,3.7,4.2,0.2,0.3,0.0,1.5,0.93,0.008,0.024,
VIII,pi-,Fe,D,1.8,4.1,3.7,4.2,0.2,0.3,0.0,1.5,0.843,0.007,0.041,
VIII,pi-,Pb,D,1.8,4.1,3.7,4.2,0.2,0.3,0.0,1.5,0.708,0.003,0.037,
VIII,pi-,C,D,1.8,4.1,3.7,4.2,0.3,0.4,0.0,1.5,0.909,0.013,0.024,
VIII,pi-,Fe,D,1.8,4.1,3.7,4.2,0.3,0.4,0.0,1.5,0.75,0.01,0.037,
VIII,pi-,Pb,D,1.8,4.1,3.7,4.2,0.3,0.4,0.0,1.5,0.618,0.005,0.032,
VIII,pi-,C,D,1.8,4.1,3.7,4.2,0.4,0.5,0.0,1.5,0.88,0.022,0.023,
VIII,pi-,Fe,D,1.8,4.1,3.7,4.2,0.4,0.5,0.0,1.5,0.735,0.018,0.036,
VIII,pi-,Pb,D,1.8,4.1,3.7,4.2,0.4,0.5,0.0,1.5,0.611,0.009,0.032,
VIII,pi-,C,D,1.8,4.1,3.7,4.2,0.5,0.6,0.0,1.5,0.922,0.042,0.024,
VIII,pi-,Fe,D,1.8,4.1,3.7,4.2,0.5,0.6,0.0,1.5,0.723,0.032,0.035,
VIII,pi-,Pb,D,1.8,4.1,3.7,4.2,0.5,0.6,0.0,1.5,0.665,0.017,0.034,
VIII,pi-,C,D,1.8,4.1,3.7,4.2,0.6,0.7,0.0,1.5,0.951,0.084,0.038,
VIII,pi-,Fe,D,1.8,4.1,3.7,4.2,0.6,0.7,0.0,1.5,0.701,0.059,0.04,
VIII,pi-,Pb,D,1.8,4.1,3.7,4.2,0.6,0.7,0.0,1.5,0.665,0.034,0.04,
VIII,pi-,C,D,1.8,4.1,3.7,4.2,0.7,0.8,0.0,1.5,1.7,0.443,0.068,
VIII,pi-,Fe,D,1.8,4.1,3.7,4.2,0.7,0.8,0.0,1.5,0.853,0.191,0.049,
VIII,pi-,Pb,D,1.8,4.1,3.7,4.2,0.7,0.8,0.0,1.5,0.911,0.128,0.055,
IX,pi+,C,D,1.0,4.0,2.2,4.25,0.3,0.4,0.047,0.073,0.816,0.006,0.029,syst_identical_across_targets_in_source_likely_typo_use_TableI_relative_syst
IX,pi+,Fe,D,1.0,4.0,2.2,4.25,0.3,0.4,0.047,0.073,0.616,0.005,0.029,syst_identical_across_targets_in_source_likely_typo_use_TableI_relative_syst
IX,pi+,Pb,D,1.0,4.0,2.2,4.25,0.3,0.4,0.047,0.073,0.441,0.002,0.029,syst_identical_across_targets_in_source_likely_typo_use_TableI_relative_syst
IX,pi+,C,D,1.0,4.0,2.2,4.25,0.3,0.4,0.073,0.112,0.801,0.005,0.028,syst_identical_across_targets_in_source_likely_typo_use_TableI_relative_syst
IX,pi+,Fe,D,1.0,4.0,2.2,4.25,0.3,0.4,0.073,0.112,0.619,0.004,0.028,syst_identical_across_targets_in_source_likely_typo_use_TableI_relative_syst
IX,pi+,Pb,D,1.0,4.0,2.2,4.25,0.3,0.4,0.073,0.112,0.446,0.002,0.028,syst_identical_across_targets_in_source_likely_typo_use_TableI_relative_syst
IX,pi+,C,D,1.0,4.0,2.2,4.25,0.3,0.4,0.112,0.173,0.823,0.005,0.029,syst_identical_across_targets_in_source_likely_typo_use_TableI_relative_syst
IX,pi+,Fe,D,1.0,4.0,2.2,4.25,0.3,0.4,0.112,0.173,0.625,0.004,0.029,syst_identical_across_targets_in_source_likely_typo_use_TableI_relative_syst
IX,pi+,Pb,D,1.0,4.0,2.2,4.25,0.3,0.4,0.112,0.173,0.45,0.002,0.029,syst_identical_across_targets_in_source_likely_typo_use_TableI_relative_syst
IX,pi+,C,D,1.0,4.0,2.2,4.25,0.3,0.4,0.173,0.267,0.837,0.004,0.029,syst_identical_across_targets_in_source_likely_typo_use_TableI_relative_syst
IX,pi+,Fe,D,1.0,4.0,2.2,4.25,0.3,0.4,0.173,0.267,0.667,0.004,0.029,syst_identical_across_targets_in_source_likely_typo_use_TableI_relative_syst
IX,pi+,Pb,D,1.0,4.0,2.2,4.25,0.3,0.4,0.173,0.267,0.482,0.002,0.029,syst_identical_across_targets_in_source_likely_typo_use_TableI_relative_syst
IX,pi+,C,D,1.0,4.0,2.2,4.25,0.3,0.4,0.267,0.411,0.894,0.005,0.031,syst_identical_across_targets_in_source_likely_typo_use_TableI_relative_syst
IX,pi+,Fe,D,1.0,4.0,2.2,4.25,0.3,0.4,0.267,0.411,0.736,0.004,0.031,syst_identical_across_targets_in_source_likely_typo_use_TableI_relative_syst
IX,pi+,Pb,D,1.0,4.0,2.2,4.25,0.3,0.4,0.267,0.411,0.551,0.002,0.031,syst_identical_across_targets_in_source_likely_typo_use_TableI_relative_syst
IX,pi+,C,D,1.0,4.0,2.2,4.25,0.3,0.4,0.411,0.633,1.084,0.008,0.049,syst_identical_across_targets_in_source_likely_typo_use_TableI_relative_syst
IX,pi+,Fe,D,1.0,4.0,2.2,4.25,0.3,0.4,0.411,0.633,1.034,0.007,0.049,syst_identical_across_targets_in_source_likely_typo_use_TableI_relative_syst
IX,pi+,Pb,D,1.0,4.0,2.2,4.25,0.3,0.4,0.411,0.633,0.814,0.004,0.049,syst_identical_across_targets_in_source_likely_typo_use_TableI_relative_syst
IX,pi+,C,D,1.0,4.0,2.2,4.25,0.3,0.4,0.633,0.974,1.799,0.028,0.081,syst_identical_across_targets_in_source_likely_typo_use_TableI_relative_syst
IX,pi+,Fe,D,1.0,4.0,2.2,4.25,0.3,0.4,0.633,0.974,2.214,0.029,0.081,syst_identical_across_targets_in_source_likely_typo_use_TableI_relative_syst
IX,pi+,Pb,D,1.0,4.0,2.2,4.25,0.3,0.4,0.633,0.974,2.005,0.015,0.081,syst_identical_across_targets_in_source_likely_typo_use_TableI_relative_syst
IX,pi+,C,D,1.0,4.0,2.2,4.25,0.3,0.4,0.974,1.5,3.921,0.202,0.196,syst_identical_across_targets_in_source_likely_typo_use_TableI_relative_syst
IX,pi+,Fe,D,1.0,4.0,2.2,4.25,0.3,0.4,0.974,1.5,6.573,0.287,0.196,syst_identical_across_targets_in_source_likely_typo_use_TableI_relative_syst
IX,pi+,Pb,D,1.0,4.0,2.2,4.25,0.3,0.4,0.974,1.5,6.827,0.152,0.196,syst_identical_across_targets_in_source_likely_typo_use_TableI_relative_syst
IX,pi+,C,D,1.0,4.0,2.2,4.25,0.4,0.5,0.047,0.073,0.787,0.009,0.028,syst_identical_across_targets_in_source_likely_typo_use_TableI_relative_syst
IX,pi+,Fe,D,1.0,4.0,2.2,4.25,0.4,0.5,0.047,0.073,0.586,0.006,0.028,syst_identical_across_targets_in_source_likely_typo_use_TableI_relative_syst
IX,pi+,Pb,D,1.0,4.0,2.2,4.25,0.4,0.5,0.047,0.073,0.416,0.003,0.028,syst_identical_across_targets_in_source_likely_typo_use_TableI_relative_syst
IX,pi+,C,D,1.0,4.0,2.2,4.25,0.4,0.5,0.073,0.112,0.801,0.007,0.028,syst_identical_across_targets_in_source_likely_typo_use_TableI_relative_syst
IX,pi+,Fe,D,1.0,4.0,2.2,4.25,0.4,0.5,0.073,0.112,0.595,0.005,0.028,syst_identical_across_targets_in_source_likely_typo_use_TableI_relative_syst
IX,pi+,Pb,D,1.0,4.0,2.2,4.25,0.4,0.5,0.073,0.112,0.415,0.002,0.028,syst_identical_across_targets_in_source_likely_typo_use_TableI_relative_syst
IX,pi+,C,D,1.0,4.0,2.2,4.25,0.4,0.5,0.112,0.173,0.822,0.006,0.029,syst_identical_across_targets_in_source_likely_typo_use_TableI_relative_syst
IX,pi+,Fe,D,1.0,4.0,2.2,4.25,0.4,0.5,0.112,0.173,0.597,0.005,0.029,syst_identical_across_targets_in_source_likely_typo_use_TableI_relative_syst
IX,pi+,Pb,D,1.0,4.0,2.2,4.25,0.4,0.5,0.112,0.173,0.432,0.002,0.029,syst_identical_across_targets_in_source_likely_typo_use_TableI_relative_syst
IX,pi+,C,D,1.0,4.0,2.2,4.25,0.4,0.5,0.173,0.267,0.834,0.006,0.029,syst_identical_across_targets_in_source_likely_typo_use_TableI_relative_syst
IX,pi+,Fe,D,1.0,4.0,2.2,4.25,0.4,0.5,0.173,0.267,0.621,0.004,0.029,syst_identical_across_targets_in_source_likely_typo_use_TableI_relative_syst
IX,pi+,Pb,D,1.0,4.0,2.2,4.25,0.4,0.5,0.173,0.267,0.447,0.002,0.029,syst_identical_across_targets_in_source_likely_typo_use_TableI_relative_syst
IX,pi+,C,D,1.0,4.0,2.2,4.25,0.4,0.5,0.267,0.411,0.845,0.006,0.03,syst_identical_across_targets_in_source_likely_typo_use_TableI_relative_syst
IX,pi+,Fe,D,1.0,4.0,2.2,4.25,0.4,0.5,0.267,0.411,0.66,0.005,0.03,syst_identical_across_targets_in_source_likely_typo_use_TableI_relative_syst
IX,pi+,Pb,D,1.0,4.0,2.2,4.25,0.4,0.5,0.267,0.411,0.481,0.002,0.03,syst_identical_across_targets_in_source_likely_typo_use_TableI_relative_syst
IX,pi+,C,D,1.0,4.0,2.2,4.25,0.4,0.5,0.411,0.633,0.925,0.008,0.042,syst_identical_across_targets_in_source_likely_typo_use_TableI_relative_syst
IX,pi+,Fe,D,1.0,4.0,2.2,4.25,0.4,0.5,0.411,0.633,0.782,0.006,0.042,syst_identical_across_targets_in_source_likely_typo_use_TableI_relative_syst
IX,pi+,Pb,D,1.0,4.0,2.2,4.25,0.4,0.5,0.411,0.633,0.577,0.003,0.042,syst_identical_across_targets_in_source_likely_typo_use_TableI_relative_syst
IX,pi+,C,D,1.0,4.0,2.2,4.25,0.4,0.5,0.633,0.974,1.337,0.02,0.06,syst_identical_across_targets_in_source_likely_typo_use_TableI_relative_syst
IX,pi+,Fe,D,1.0,4.0,2.2,4.25,0.4,0.5,0.633,0.974,1.327,0.017,0.06,syst_identical_across_targets_in_source_likely_typo_use_TableI_relative_syst
IX,pi+,Pb,D,1.0,4.0,2.2,4.25,0.4,0.5,0.633,0.974,1.066,0.008,0.06,syst_identical_across_targets_in_source_likely_typo_use_TableI_relative_syst
IX,pi+,C,D,1.0,4.0,2.2,4.25,0.4,0.5,0.974,1.5,2.489,0.099,0.124,syst_identical_across_targets_in_source_likely_typo_use_TableI_relative_syst
IX,pi+,Fe,D,1.0,4.0,2.2,4.25,0.4,0.5,0.974,1.5,4.042,0.141,0.124,syst_identical_across_targets_in_source_likely_typo_use_TableI_relative_syst
IX,pi+,Pb,D,1.0,4.0,2.2,4.25,0.4,0.5,0.974,1.5,3.438,0.063,0.124,syst_identical_across_targets_in_source_likely_typo_use_TableI_relative_syst
IX,pi+,C,D,1.0,4.0,2.2,4.25,0.5,0.6,0.047,0.073,0.79,0.012,0.028,syst_identical_across_targets_in_source_likely_typo_use_TableI_relative_syst
IX,pi+,Fe,D,1.0,4.0,2.2,4.25,0.5,0.6,0.047,0.073,0.589,0.009,0.028,syst_identical_across_targets_in_source_likely_typo_use_TableI_relative_syst
IX,pi+,Pb,D,1.0,4.0,2.2,4.25,0.5,0.6,0.047,0.073,0.391,0.004,0.028,syst_identical_across_targets_in_source_likely_typo_use_TableI_relative_syst
IX,pi+,C,D,1.0,4.0,2.2,4.25,0.5,0.6,0.073,0.112,0.806,0.009,0.028,syst_identical_across_targets_in_source_likely_typo_use_TableI_relative_syst
IX,pi+,Fe,D,1.0,4.0,2.2,4.25,0.5,0.6,0.073,0.112,0.594,0.007,0.028,syst_identical_across_targets_in_source_likely_typo_use_TableI_relative_syst
IX,pi+,Pb,D,1.0,4.0,2.2,4.25,0.5,0.6,0.073,0.112,0.406,0.003,0.028,syst_identical_across_targets_in_source_likely_typo_use_TableI_relative_syst
IX,pi+,C,D,1.0,4.0,2.2,4.25,0.5,0.6,0.112,0.173,0.82,0.008,0.029,syst_identical_across_targets_in_source_likely_typo_use_TableI_relative_syst
IX,pi+,Fe,D,1.0,4.0,2.2,4.25,0.5,0.6,0.112,0.173,0.595,0.006,0.029,syst_identical_across_targets_in_source_likely_typo_use_TableI_relative_syst
IX,pi+,Pb,D,1.0,4.0,2.2,4.25,0.5,0.6,0.112,0.173,0.425,0.003,0.029,syst_identical_across_targets_in_source_likely_typo_use_TableI_relative_syst
IX,pi+,C,D,1.0,4.0,2.2,4.25,0.5,0.6,0.173,0.267,0.83,0.007,0.029,syst_identical_across_targets_in_source_likely_typo_use_TableI_relative_syst
IX,pi+,Fe,D,1.0,4.0,2.2,4.25,0.5,0.6,0.173,0.267,0.623,0.005,0.029,syst_identical_across_targets_in_source_likely_typo_use_TableI_relative_syst
IX,pi+,Pb,D,1.0,4.0,2.2,4.25,0.5,0.6,0.173,0.267,0.443,0.002,0.029,syst_identical_across_targets_in_source_likely_typo_use_TableI_relative_syst
IX,pi+,C,D,1.0,4.0,2.2,4.25,0.5,0.6,0.267,0.411,0.837,0.007,0.029,syst_identical_across_targets_in_source_likely_typo_use_TableI_relative_syst
IX,pi+,Fe,D,1.0,4.0,2.2,4.25,0.5,0.6,0.267,0.411,0.625,0.005,0.029,syst_identical_across_targets_in_source_likely_typo_use_TableI_relative_syst
IX,pi+,Pb,D,1.0,4.0,2.2,4.25,0.5,0.6,0.267,0.411,0.46,0.002,0.029,syst_identical_across_targets_in_source_likely_typo_use_TableI_relative_syst
IX,pi+,C,D,1.0,4.0,2.2,4.25,0.5,0.6,0.411,0.633,0.864,0.009,0.039,syst_identical_across_targets_in_source_likely_typo_use_TableI_relative_syst
IX,pi+,Fe,D,1.0,4.0,2.2,4.25,0.5,0.6,0.411,0.633,0.694,0.007,0.039,syst_identical_across_targets_in_source_likely_typo_use_TableI_relative_syst
IX,pi+,Pb,D,1.0,4.0,2.2,4.25,0.5,0.6,0.411,0.633,0.525,0.003,0.039,syst_identical_across_targets_in_source_likely_typo_use_TableI_relative_syst
IX,pi+,C,D,1.0,4.0,2.2,4.25,0.5,0.6,0.633,0.974,1.062,0.016,0.048,syst_identical_across_targets_in_source_likely_typo_use_TableI_relative_syst
IX,pi+,Fe,D,1.0,4.0,2.2,4.25,0.5,0.6,0.633,0.974,0.959,0.013,0.048,syst_identical_across_targets_in_source_likely_typo_use_TableI_relative_syst
IX,pi+,Pb,D,1.0,4.0,2.2,4.25,0.5,0.6,0.633,0.974,0.749,0.007,0.048,syst_identical_across_targets_in_source_likely_typo_use_TableI_relative_syst
IX,pi+,C,D,1.0,4.0,2.2,4.25,0.5,0.6,0.974,1.5,2.011,0.077,0.101,syst_identical_across_targets_in_source_likely_typo_use_TableI_relative_syst
IX,pi+,Fe,D,1.0,4.0,2.2,4.25,0.5,0.6,0.974,1.5,2.545,0.084,0.101,syst_identical_across_targets_in_source_likely_typo_use_TableI_relative_syst
IX,pi+,Pb,D,1.0,4.0,2.2,4.25,0.5,0.6,0.974,1.5,2.191,0.04,0.101,syst_identical_across_targets_in_source_likely_typo_use_TableI_relative_syst
X,pi+,C,D,1.0,4.0,2.2,4.25,0.6,0.7,0.047,0.073,0.797,0.016,0.028,syst_identical_across_targets_in_source_likely_typo_use_TableI_relative_syst
X,pi+,Fe,D,1.0,4.0,2.2,4.25,0.6,0.7,0.047,0.073,0.573,0.011,0.028,syst_identical_across_targets_in_source_likely_typo_use_TableI_relative_syst
X,pi+,Pb,D,1.0,4.0,2.2,4.25,0.6,0.7,0.047,0.073,0.391,0.005,0.028,syst_identical_across_targets_in_source_likely_typo_use_TableI_relative_syst
X,pi+,C,D,1.0,4.0,2.2,4.25,0.6,0.7,0.073,0.112,0.844,0.013,0.03,syst_identical_across_targets_in_source_likely_typo_use_TableI_relative_syst
X,pi+,Fe,D,1.0,4.0,2.2,4.25,0.6,0.7,0.073,0.112,0.588,0.009,0.03,syst_identical_across_targets_in_source_likely_typo_use_TableI_relative_syst
X,pi+,Pb,D,1.0,4.0,2.2,4.25,0.6,0.7,0.073,0.112,0.42,0.004,0.03,syst_identical_across_targets_in_source_likely_typo_use_TableI_relative_syst
X,pi+,C,D,1.0,4.0,2.2,4.25,0.6,0.7,0.112,0.173,0.792,0.01,0.028,syst_identical_across_targets_in_source_likely_typo_use_TableI_relative_syst
X,pi+,Fe,D,1.0,4.0,2.2,4.25,0.6,0.7,0.112,0.173,0.583,0.007,0.028,syst_identical_across_targets_in_source_likely_typo_use_TableI_relative_syst
X,pi+,Pb,D,1.0,4.0,2.2,4.25,0.6,0.7,0.112,0.173,0.416,0.003,0.028,syst_identical_across_targets_in_source_likely_typo_use_TableI_relative_syst
X,pi+,C,D,1.0,4.0,2.2,4.25,0.6,0.7,0.173,0.267,0.792,0.009,0.028,syst_identical_across_targets_in_source_likely_typo_use_TableI_relative_syst
X,pi+,Fe,D,1.0,4.0,2.2,4.25,0.6,0.7,0.173,0.267,0.58,0.006,0.028,syst_identical_across_targets_in_source_likely_typo_use_TableI_relative_syst
X,pi+,Pb,D,1.0,4.0,2.2,4.25,0.6,0.7,0.173,0.267,0.42,0.003,0.028,syst_identical_across_targets_in_source_likely_typo_use_TableI_relative_syst
X,pi+,C,D,1.0,4.0,2.2,4.25,0.6,0.7,0.267,0.411,0.793,0.008,0.028,syst_identical_across_targets_in_source_likely_typo_use_TableI_relative_syst
X,pi+,Fe,D,1.0,4.0,2.2,4.25,0.6,0.7,0.267,0.411,0.597,0.006,0.028,syst_identical_across_targets_in_source_likely_typo_use_TableI_relative_syst
X,pi+,Pb,D,1.0,4.0,2.2,4.25,0.6,0.7,0.267,0.411,0.421,0.003,0.028,syst_identical_across_targets_in_source_likely_typo_use_TableI_relative_syst
X,pi+,C,D,1.0,4.0,2.2,4.25,0.6,0.7,0.411,0.633,0.825,0.01,0.037,syst_identical_across_targets_in_source_likely_typo_use_TableI_relative_syst
X,pi+,Fe,D,1.0,4.0,2.2,4.25,0.6,0.7,0.411,0.633,0.642,0.007,0.037,syst_identical_across_targets_in_source_likely_typo_use_TableI_relative_syst
X,pi+,Pb,D,1.0,4.0,2.2,4.25,0.6,0.7,0.411,0.633,0.472,0.003,0.037,syst_identical_across_targets_in_source_likely_typo_use_TableI_relative_syst
X,pi+,C,D,1.0,4.0,2.2,4.25,0.6,0.7,0.633,0.974,0.947,0.016,0.043,syst_identical_across_targets_in_source_likely_typo_use_TableI_relative_syst
X,pi+,Fe,D,1.0,4.0,2.2,4.25,0.6,0.7,0.633,0.974,0.775,0.012,0.043,syst_identical_across_targets_in_source_likely_typo_use_TableI_relative_syst
X,pi+,Pb,D,1.0,4.0,2.2,4.25,0.6,0.7,0.633,0.974,0.606,0.006,0.043,syst_identical_across_targets_in_source_likely_typo_use_TableI_relative_syst
X,pi+,C,D,1.0,4.0,2.2,4.25,0.6,0.7,0.974,1.5,1.747,0.071,0.087,syst_identical_across_targets_in_source_likely_typo_use_TableI_relative_syst
X,pi+,Fe,D,1.0,4.0,2.2,4.25,0.6,0.7,0.974,1.5,1.928,0.068,0.087,syst_identical_across_targets_in_source_likely_typo_use_TableI_relative_syst
X,pi+,Pb,D,1.0,4.0,2.2,4.25,0.6,0.7,0.974,1.5,1.654,0.034,0.087,syst_identical_across_targets_in_source_likely_typo_use_TableI_relative_syst
X,pi+,C,D,1.0,4.0,2.2,4.25,0.7,0.8,0.047,0.073,0.707,0.015,0.025,syst_identical_across_targets_in_source_likely_typo_use_TableI_relative_syst
X,pi+,Fe,D,1.0,4.0,2.2,4.25,0.7,0.8,0.047,0.073,0.503,0.011,0.025,syst_identical_across_targets_in_source_likely_typo_use_TableI_relative_syst
X,pi+,Pb,D,1.0,4.0,2.2,4.25,0.7,0.8,0.047,0.073,0.347,0.005,0.025,syst_identical_across_targets_in_source_likely_typo_use_TableI_relative_syst
X,pi+,C,D,1.0,4.0,2.2,4.25,0.7,0.8,0.073,0.112,0.717,0.014,0.025,syst_identical_across_targets_in_source_likely_typo_use_TableI_relative_syst
X,pi+,Fe,D,1.0,4.0,2.2,4.25,0.7,0.8,0.073,0.112,0.482,0.009,0.025,syst_identical_across_targets_in_source_likely_typo_use_TableI_relative_syst
X,pi+,Pb,D,1.0,4.0,2.2,4.25,0.7,0.8,0.073,0.112,0.362,0.005,0.025,syst_identical_across_targets_in_source_likely_typo_use_TableI_relative_syst
X,pi+,C,D,1.0,4.0,2.2,4.25,0.7,0.8,0.112,0.173,0.73,0.011,0.026,syst_identical_across_targets_in_source_likely_typo_use_TableI_relative_syst
X,pi+,Fe,D,1.0,4.0,2.2,4.25,0.7,0.8,0.112,0.173,0.518,0.008,0.026,syst_identical_across_targets_in_source_likely_typo_use_TableI_relative_syst
X,pi+,Pb,D,1.0,4.0,2.2,4.25,0.7,0.8,0.112,0.173,0.356,0.004,0.026,syst_identical_across_targets_in_source_likely_typo_use_TableI_relative_syst
X,pi+,C,D,1.0,4.0,2.2,4.25,0.7,0.8,0.173,0.267,0.725,0.01,0.025,syst_identical_across_targets_in_source_likely_typo_use_TableI_relative_syst
X,pi+,Fe,D,1.0,4.0,2.2,4.25,0.7,0.8,0.173,0.267,0.527,0.007,0.025,syst_identical_across_targets_in_source_likely_typo_use_TableI_relative_syst
X,pi+,Pb,D,1.0,4.0,2.2,4.25,0.7,0.8,0.173,0.267,0.387,0.003,0.025,syst_identical_across_targets_in_source_likely_typo_use_TableI_relative_syst
X,pi+,C,D,1.0,4.0,2.2,4.25,0.7,0.8,0.267,0.411,0.777,0.01,0.027,syst_identical_across_targets_in_source_likely_typo_use_TableI_relative_syst
X,pi+,Fe,D,1.0,4.0,2.2,4.25,0.7,0.8,0.267,0.411,0.577,0.007,0.027,syst_identical_across_targets_in_source_likely_typo_use_TableI_relative_syst
X,pi+,Pb,D,1.0,4.0,2.2,4.25,0.7,0.8,0.267,0.411,0.407,0.003,0.027,syst_identical_across_targets_in_source_likely_typo_use_TableI_relative_syst
X,pi+,C,D,1.0,4.0,2.2,4.25,0.7,0.8,0.411,0.633,0.743,0.011,0.033,syst_identical_across_targets_in_source_likely_typo_use_TableI_relative_syst
X,pi+,Fe,D,1.0,4.0,2.2,4.25,0.7,0.8,0.411,0.633,0.565,0.008,0.033,syst_identical_across_targets_in_source_likely_typo_use_TableI_relative_syst
X,pi+,Pb,D,1.0,4.0,2.2,4.25,0.7,0.8,0.411,0.633,0.417,0.004,0.033,syst_identical_across_targets_in_source_likely_typo_use_TableI_relative_syst
X,pi+,C,D,1.0,4.0,2.2,4.25,0.7,0.8,0.633,0.974,0.948,0.021,0.043,syst_identical_across_targets_in_source_likely_typo_use_TableI_relative_syst
X,pi+,Fe,D,1.0,4.0,2.2,4.25,0.7,0.8,0.633,0.974,0.806,0.017,0.043,syst_identical_across_targets_in_source_likely_typo_use_TableI_relative_syst
X,pi+,Pb,D,1.0,4.0,2.2,4.25,0.7,0.8,0.633,0.974,0.557,0.008,0.043,syst_identical_across_targets_in_source_likely_typo_use_TableI_relative_syst
X,pi+,C,D,1.0,4.0,2.2,4.25,0.7,0.8,0.974,1.5,2.208,0.135,0.11,syst_identical_across_targets_in_source_likely_typo_use_TableI_relative_syst
X,pi+,Fe,D,1.0,4.0,2.2,4.25,0.7,0.8,0.974,1.5,2.264,0.12,0.11,syst_identical_across_targets_in_source_likely_typo_use_TableI_relative_syst
X,pi+,Pb,D,1.0,4.0,2.2,4.25,0.7,0.8,0.974,1.5,1.686,0.051,0.11,syst_identical_across_targets_in_source_likely_typo_use_TableI_relative_syst
X,pi+,C,D,1.0,4.0,2.2,4.25,0.8,0.9,0.047,0.073,0.705,0.018,0.025,syst_identical_across_targets_in_source_likely_typo_use_TableI_relative_syst
X,pi+,Fe,D,1.0,4.0,2.2,4.25,0.8,0.9,0.047,0.073,0.493,0.012,0.025,syst_identical_across_targets_in_source_likely_typo_use_TableI_relative_syst
X,pi+,Pb,D,1.0,4.0,2.2,4.25,0.8,0.9,0.047,0.073,0.37,0.006,0.025,syst_identical_across_targets_in_source_likely_typo_use_TableI_relative_syst
X,pi+,C,D,1.0,4.0,2.2,4.25,0.8,0.9,0.073,0.112,0.817,0.02,0.029,syst_identical_across_targets_in_source_likely_typo_use_TableI_relative_syst
X,pi+,Fe,D,1.0,4.0,2.2,4.25,0.8,0.9,0.073,0.112,0.537,0.013,0.029,syst_identical_across_targets_in_source_likely_typo_use_TableI_relative_syst
X,pi+,Pb,D,1.0,4.0,2.2,4.25,0.8,0.9,0.073,0.112,0.387,0.006,0.029,syst_identical_across_targets_in_source_likely_typo_use_TableI_relative_syst
X,pi+,C,D,1.0,4.0,2.2,4.25,0.8,0.9,0.112,0.173,0.799,0.017,0.028,syst_identical_across_targets_in_source_likely_typo_use_TableI_relative_syst
X,pi+,Fe,D,1.0,4.0,2.2,4.25,0.8,0.9,0.112,0.173,0.551,0.012,0.028,syst_identical_across_targets_in_source_likely_typo_use_TableI_relative_syst
X,pi+,Pb,D,1.0,4.0,2.2,4.25,0.8,0.9,0.112,0.173,0.41,0.006,0.028,syst_identical_across_targets_in_source_likely_typo_use_TableI_relative_syst
X,pi+,C,D,1.0,4.0,2.2,4.25,0.8,0.9,0.173,0.267,0.823,0.015,0.029,syst_identical_across_targets_in_source_likely_typo_use_TableI_relative_syst
X,pi+,Fe,D,1.0,4.0,2.2,4.25,0.8,0.9,0.173,0.267,0.554,0.009,0.029,syst_identical_across_targets_in_source_likely_typo_use_TableI_relative_syst
X,pi+,Pb,D,1.0,4.0,2.2,4.25,0.8,0.9,0.173,0.267,0.386,0.005,0.029,syst_identical_across_targets_in_source_likely_typo_use_TableI_relative_syst
X,pi+,C,D,1.0,4.0,2.2,4.25,0.8,0.9,0.267,0.411,0.707,0.012,0.025,syst_identical_across_targets_in_source_likely_typo_use_TableI_relative_syst
X,pi+,Fe,D,1.0,4.0,2.2,4.25,0.8,0.9,0.267,0.411,0.516,0.008,0.025,syst_identical_across_targets_in_source_likely_typo_use_TableI_relative_syst
X,pi+,Pb,D,1.0,4.0,2.2,4.25,0.8,0.9,0.267,0.411,0.334,0.004,0.025,syst_identical_across_targets_in_source_likely_typo_use_TableI_relative_syst
X,pi+,C,D,1.0,4.0,2.2,4.25,0.8,0.9,0.411,0.633,0.823,0.017,0.037,syst_identical_across_targets_in_source_likely_typo_use_TableI_relative_syst
X,pi+,Fe,D,1.0,4.0,2.2,4.25,0.8,0.9,0.411,0.633,0.592,0.012,0.037,syst_identical_across_targets_in_source_likely_typo_use_TableI_relative_syst
X,pi+,Pb,D,1.0,4.0,2.2,4.25,0.8,0.9,0.411,0.633,0.392,0.006,0.037,syst_identical_across_targets_in_source_likely_typo_use_TableI_relative_syst
X,pi+,C,D,1.0,4.0,2.2,4.25,0.8,0.9,0.633,0.974,1.274,0.049,0.057,syst_identical_across_targets_in_source_likely_typo_use_TableI_relative_syst
X,pi+,Fe,D,1.0,4.0,2.2,4.25,0.8,0.9,0.633,0.974,1.041,0.037,0.057,syst_identical_across_targets_in_source_likely_typo_use_TableI_relative_syst
X,pi+,Pb,D,1.0,4.0,2.2,4.25,0.8,0.9,0.633,0.974,0.853,0.019,0.057,syst_identical_across_targets_in_source_likely_typo_use_TableI_relative_syst
X,pi+,C,D,1.0,4.0,2.2,4.25,0.8,0.9,0.974,1.5,3.797,0.452,0.19,syst_identical_across_targets_in_source_likely_typo_use_TableI_relative_syst
X,pi+,Fe,D,1.0,4.0,2.2,4.25,0.8,0.9,0.974,1.5,2.442,0.225,0.19,syst_identical_across_targets_in_source_likely_typo_use_TableI_relative_syst
X,pi+,Pb,D,1.0,4.0,2.2,4.25,0.8,0.9,0.974,1.5,1.945,0.104,0.19,syst_identical_across_targets_in_source_likely_typo_use_TableI_relative_syst
XI,pi-,C,D,1.0,4.0,2.2,4.25,0.3,0.4,0.047,0.073,0.805,0.02,0.028,
XI,pi-,Fe,D,1.0,4.0,2.2,4.25,0.3,0.4,0.047,0.073,0.597,0.015,0.021,
XI,pi-,Pb,D,1.0,4.0,2.2,4.25,0.3,0.4,0.047,0.073,0.458,0.007,0.016,
XI,pi-,C,D,1.0,4.0,2.2,4.25,0.3,0.4,0.073,0.112,0.78,0.013,0.027,
XI,pi-,Fe,D,1.0,4.0,2.2,4.25,0.3,0.4,0.073,0.112,0.628,0.01,0.022,
XI,pi-,Pb,D,1.0,4.0,2.2,4.25,0.3,0.4,0.073,0.112,0.468,0.004,0.016,
XI,pi-,C,D,1.0,4.0,2.2,4.25,0.3,0.4,0.112,0.173,0.816,0.009,0.029,
XI,pi-,Fe,D,1.0,4.0,2.2,4.25,0.3,0.4,0.112,0.173,0.627,0.007,0.022,
XI,pi-,Pb,D,1.0,4.0,2.2,4.25,0.3,0.4,0.112,0.173,0.485,0.003,0.017,
XI,pi-,C,D,1.0,4.0,2.2,4.25,0.3,0.4,0.173,0.267,0.82,0.007,0.029,
XI,pi-,Fe,D,1.0,4.0,2.2,4.25,0.3,0.4,0.173,0.267,0.654,0.006,0.023,
XI,pi-,Pb,D,1.0,4.0,2.2,4.25,0.3,0.4,0.173,0.267,0.515,0.003,0.018,
XI,pi-,C,D,1.0,4.0,2.2,4.25,0.3,0.4,0.267,0.411,0.829,0.007,0.029,
XI,pi-,Fe,D,1.0,4.0,2.2,4.25,0.3,0.4,0.267,0.411,0.692,0.006,0.024,
XI,pi-,Pb,D,1.0,4.0,2.2,4.25,0.3,0.4,0.267,0.411,0.548,0.003,0.019,
XI,pi-,C,D,1.0,4.0,2.2,4.25,0.3,0.4,0.411,0.633,0.954,0.009,0.043,
XI,pi-,Fe,D,1.0,4.0,2.2,4.25,0.3,0.4,0.411,0.633,0.863,0.008,0.039,
XI,pi-,Pb,D,1.0,4.0,2.2,4.25,0.3,0.4,0.411,0.633,0.715,0.004,0.032,
XI,pi-,C,D,1.0,4.0,2.2,4.25,0.3,0.4,0.633,0.974,1.464,0.024,0.066,
XI,pi-,Fe,D,1.0,4.0,2.2,4.25,0.3,0.4,0.633,0.974,1.656,0.024,0.075,
XI,pi-,Pb,D,1.0,4.0,2.2,4.25,0.3,0.4,0.633,0.974,1.458,0.012,0.066,
XI,pi-,C,D,1.0,4.0,2.2,4.25,0.3,0.4,0.974,1.5,3.19,0.175,0.16,
XI,pi-,Fe,D,1.0,4.0,2.2,4.25,0.3,0.4,0.974,1.5,4.74,0.226,0.237,
XI,pi-,Pb,D,1.0,4.0,2.2,4.25,0.3,0.4,0.974,1.5,4.695,0.114,0.235,
XI,pi-,C,D,1.0,4.0,2.2,4.25,0.4,0.5,0.047,0.073,0.793,0.037,0.028,
XI,pi-,Fe,D,1.0,4.0,2.2,4.25,0.4,0.5,0.047,0.073,0.557,0.025,0.019,
XI,pi-,Pb,D,1.0,4.0,2.2,4.25,0.4,0.5,0.047,0.073,0.452,0.013,0.016,
XI,pi-,C,D,1.0,4.0,2.2,4.25,0.4,0.5,0.073,0.112,0.748,0.022,0.026,
XI,pi-,Fe,D,1.0,4.0,2.2,4.25,0.4,0.5,0.073,0.112,0.583,0.018,0.02,
XI,pi-,Pb,D,1.0,4.0,2.2,4.25,0.4,0.5,0.073,0.112,0.408,0.007,0.014,
XI,pi-,C,D,1.0,4.0,2.2,4.25,0.4,0.5,0.112,0.173,0.793,0.017,0.028,
XI,pi-,Fe,D,1.0,4.0,2.2,4.25,0.4,0.5,0.112,0.173,0.581,0.012,0.02,
XI,pi-,Pb,D,1.0,4.0,2.2,4.25,0.4,0.5,0.112,0.173,0.45,0.006,0.016,
XI,pi-,C,D,1.0,4.0,2.2,4.25,0.4,0.5,0.173,0.267,0.772,0.012,0.027,
XI,pi-,Fe,D,1.0,4.0,2.2,4.25,0.4,0.5,0.173,0.267,0.595,0.009,0.021,
XI,pi-,Pb,D,1.0,4.0,2.2,4.25,0.4,0.5,0.173,0.267,0.446,0.004,0.016,
XI,pi-,C,D,1.0,4.0,2.2,4.25,0.4,0.5,0.267,0.411,0.788,0.01,0.028,
XI,pi-,Fe,D,1.0,4.0,2.2,4.25,0.4,0.5,0.267,0.411,0.612,0.008,0.021,
XI,pi-,Pb,D,1.0,4.0,2.2,4.25,0.4,0.5,0.267,0.411,0.49,0.004,0.017,
XI,pi-,C,D,1.0,4.0,2.2,4.25,0.4,0.5,0.411,0.633,0.848,0.011,0.038,
XI,pi-,Fe,D,1.0,4.0,2.2,4.25,0.4,0.5,0.411,0.633,0.699,0.009,0.031,
XI,pi-,Pb,D,1.0,4.0,2.2,4.25,0.4,0.5,0.411,0.633,0.545,0.004,0.025,
XI,pi-,C,D,1.0,4.0,2.2,4.25,0.4,0.5,0.633,0.974,1.132,0.021,0.051,
XI,pi-,Fe,D,1.0,4.0,2.2,4.25,0.4,0.5,0.633,0.974,1.122,0.019,0.051,
XI,pi-,Pb,D,1.0,4.0,2.2,4.25,0.4,0.5,0.633,0.974,0.941,0.009,0.042,
XI,pi-,C,D,1.0,4.0,2.2,4.25,0.4,0.5,0.974,1.5,2.262,0.107,0.113,
XI,pi-,Fe,D,1.0,4.0,2.2,4.25,0.4,0.5,0.974,1.5,2.893,0.113,0.145,
XI,pi-,Pb,D,1.0,4.0,2.2,4.25,0.4,0.5,0.974,1.5,2.808,0.061,0.14,
XI,pi-,C,D,1.0,4.0,2.2,4.25,0.5,0.6,0.047,0.073,0.797,0.067,0.028,
XI,pi-,Fe,D,1.0,4.0,2.2,4.25,0.5,0.6,0.047,0.073,0.636,0.052,0.022,
XI,pi-,Pb,D,1.0,4.0,2.2,4.25,0.5,0.6,0.047,0.073,0.398,0.019,0.014,
XI,pi-,C,D,1.0,4.0,2.2,4.25,0.5,0.6,0.073,0.112,0.704,0.036,0.025,
XI,pi-,Fe,D,1.0,4.0,2.2,4.25,0.5,0.6,0.073,0.112,0.544,0.028,0.019,
XI,pi-,Pb,D,1.0,4.0,2.2,4.25,0.5,0.6,0.073,0.112,0.387,0.012,0.014,
XI,pi-,C,D,1.0,4.0,2.2,4.25,0.5,0.6,0.112,0.173,0.744,0.026,0.026,
XI,pi-,Fe,D,1.0,4.0,2.2,4.25,0.5,0.6,0.112,0.173,0.524,0.018,0.018,
XI,pi-,Pb,D,1.0,4.0,2.2,4.25,0.5,0.6,0.112,0.173,0.421,0.009,0.015,
XI,pi-,C,D,1.0,4.0,2.2,4.25,0.5,0.6,0.173,0.267,0.779,0.019,0.027,
XI,pi-,Fe,D,1.0,4.0,2.2,4.25,0.5,0.6,0.173,0.267,0.553,0.014,0.019,
XI,pi-,Pb,D,1.0,4.0,2.2,4.25,0.5,0.6,0.173,0.267,0.429,0.006,0.015,
XI,pi-,C,D,1.0,4.0,2.2,4.25,0.5,0.6,0.267,0.411,0.754,0.015,0.026,
XI,pi-,Fe,D,1.0,4.0,2.2,4.25,0.5,0.6,0.267,0.411,0.574,0.011,0.02,
XI,pi-,Pb,D,1.0,4.0,2.2,4.25,0.5,0.6,0.267,0.411,0.439,0.005,0.015,
XI,pi-,C,D,1.0,4.0,2.2,4.25,0.5,0.6,0.411,0.633,0.815,0.016,0.037,
XI,pi-,Fe,D,1.0,4.0,2.2,4.25,0.5,0.6,0.411,0.633,0.672,0.012,0.03,
XI,pi-,Pb,D,1.0,4.0,2.2,4.25,0.5,0.6,0.411,0.633,0.511,0.006,0.023,
XI,pi-,C,D,1.0,4.0,2.2,4.25,0.5,0.6,0.633,0.974,1.023,0.026,0.046,
XI,pi-,Fe,D,1.0,4.0,2.2,4.25,0.5,0.6,0.633,0.974,0.919,0.021,0.041,
XI,pi-,Pb,D,1.0,4.0,2.2,4.25,0.5,0.6,0.633,0.974,0.781,0.011,0.035,
XI,pi-,C,D,1.0,4.0,2.2,4.25,0.5,0.6,0.974,1.5,1.981,0.102,0.099,
XI,pi-,Fe,D,1.0,4.0,2.2,4.25,0.5,0.6,0.974,1.5,2.183,0.099,0.109,
XI,pi-,Pb,D,1.0,4.0,2.2,4.25,0.5,0.6,0.974,1.5,1.832,0.047,0.092,
XII,pi-,C,D,1.0,4.0,2.2,4.25,0.6,0.7,0.047,0.073,0.707,0.096,0.025,
XII,pi-,Fe,D,1.0,4.0,2.2,4.25,0.6,0.7,0.047,0.073,0.535,0.074,0.019,
XII,pi-,Pb,D,1.0,4.0,2.2,4.25,0.6,0.7,0.047,0.073,0.373,0.033,0.013,
XII,pi-,C,D,1.0,4.0,2.2,4.25,0.6,0.7,0.073,0.112,0.708,0.054,0.025,
XII,pi-,Fe,D,1.0,4.0,2.2,4.25,0.6,0.7,0.073,0.112,0.463,0.033,0.016,
XII,pi-,Pb,D,1.0,4.0,2.2,4.25,0.6,0.7,0.073,0.112,0.35,0.016,0.012,
XII,pi-,C,D,1.0,4.0,2.2,4.25,0.6,0.7,0.112,0.173,0.69,0.035,0.024,
XII,pi-,Fe,D,1.0,4.0,2.2,4.25,0.6,0.7,0.112,0.173,0.474,0.023,0.017,
XII,pi-,Pb,D,1.0,4.0,2.2,4.25,0.6,0.7,0.112,0.173,0.372,0.012,0.013,
XII,pi-,C,D,1.0,4.0,2.2,4.25,0.6,0.7,0.173,0.267,0.764,0.028,0.027,
XII,pi-,Fe,D,1.0,4.0,2.2,4.25,0.6,0.7,0.173,0.267,0.524,0.019,0.018,
XII,pi-,Pb,D,1.0,4.0,2.2,4.25,0.6,0.7,0.173,0.267,0.408,0.009,0.014,
XII,pi-,C,D,1.0,4.0,2.2,4.25,0.6,0.7,0.267,0.411,0.715,0.022,0.025,
XII,pi-,Fe,D,1.0,4.0,2.2,4.25,0.6,0.7,0.267,0.411,0.595,0.017,0.021,
XII,pi-,Pb,D,1.0,4.0,2.2,4.25,0.6,0.7,0.267,0.411,0.449,0.008,0.016,
XII,pi-,C,D,1.0,4.0,2.2,4.25,0.6,0.7,0.411,0.633,0.822,0.023,0.037,
XII,pi-,Fe,D,1.0,4.0,2.2,4.25,0.6,0.7,0.411,0.633,0.629,0.017,0.028,
XII,pi-,Pb,D,1.0,4.0,2.2,4.25,0.6,0.7,0.411,0.633,0.521,0.009,0.023,
XII,pi-,C,D,1.0,4.0,2.2,4.25,0.6,0.7,0.633,0.974,0.963,0.033,0.043,
XII,pi-,Fe,D,1.0,4.0,2.2,4.25,0.6,0.7,0.633,0.974,0.881,0.028,0.04,
XII,pi-,Pb,D,1.0,4.0,2.2,4.25,0.6,0.7,0.633,0.974,0.688,0.014,0.031,
XII,pi-,C,D,1.0,4.0,2.2,4.25,0.6,0.7,0.974,1.5,1.864,0.129,0.093,
XII,pi-,Fe,D,1.0,4.0,2.2,4.25,0.6,0.7,0.974,1.5,2.068,0.125,0.103,
XII,pi-,Pb,D,1.0,4.0,2.2,4.25,0.6,0.7,0.974,1.5,1.926,0.067,0.096,
XII,pi-,C,D,1.0,4.0,2.2,4.25,0.7,0.8,0.047,0.073,0.532,0.134,0.019,
XII,pi-,Fe,D,1.0,4.0,2.2,4.25,0.7,0.8,0.047,0.073,0.454,0.106,0.016,
XII,pi-,Pb,D,1.0,4.0,2.2,4.25,0.7,0.8,0.047,0.073,0.281,0.043,0.01,
XII,pi-,C,D,1.0,4.0,2.2,4.25,0.7,0.8,0.073,0.112,0.529,0.053,0.019,
XII,pi-,Fe,D,1.0,4.0,2.2,4.25,0.7,0.8,0.073,0.112,0.398,0.04,0.014,
XII,pi-,Pb,D,1.0,4.0,2.2,4.25,0.7,0.8,0.073,0.112,0.314,0.021,0.011,
XII,pi-,C,D,1.0,4.0,2.2,4.25,0.7,0.8,0.112,0.173,0.593,0.038,0.021,
XII,pi-,Fe,D,1.0,4.0,2.2,4.25,0.7,0.8,0.112,0.173,0.435,0.028,0.015,
XII,pi-,Pb,D,1.0,4.0,2.2,4.25,0.7,0.8,0.112,0.173,0.312,0.013,0.011,
XII,pi-,C,D,1.0,4.0,2.2,4.25,0.7,0.8,0.173,0.267,0.631,0.033,0.022,
XII,pi-,Fe,D,1.0,4.0,2.2,4.25,0.7,0.8,0.173,0.267,0.514,0.026,0.018,
XII,pi-,Pb,D,1.0,4.0,2.2,4.25,0.7,0.8,0.173,0.267,0.357,0.012,0.013,
XII,pi-,C,D,1.0,4.0,2.2,4.25,0.7,0.8,0.267,0.411,0.791,0.037,0.028,
XII,pi-,Fe,D,1.0,4.0,2.2,4.25,0.7,0.8,0.267,0.411,0.592,0.026,0.021,
XII,pi-,Pb,D,1.0,4.0,2.2,4.25,0.7,0.8,0.267,0.411,0.417,0.012,0.015,
XII,pi-,C,D,1.0,4.0,2.2,4.25,0.7,0.8,0.411,0.633,0.783,0.034,0.035,
XII,pi-,Fe,D,1.0,4.0,2.2,4.25,0.7,0.8,0.411,0.633,0.674,0.027,0.03,
XII,pi-,Pb,D,1.0,4.0,2.2,4.25,0.7,0.8,0.411,0.633,0.462,0.013,0.021,
XII,pi-,C,D,1.0,4.0,2.2,4.25,0.7,0.8,0.633,0.974,1.233,0.072,0.056,
XII,pi-,Fe,D,1.0,4.0,2.2,4.25,0.7,0.8,0.633,0.974,0.978,0.051,0.044,
XII,pi-,Pb,D,1.0,4.0,2.2,4.25,0.7,0.8,0.633,0.974,0.911,0.029,0.041,
XII,pi-,C,D,1.0,4.0,2.2,4.25,0.7,0.8,0.974,1.5,2.305,0.259,0.115,
XII,pi-,Fe,D,1.0,4.0,2.2,4.25,0.7,0.8,0.974,1.5,2.781,0.281,0.139,
XII,pi-,Pb,D,1.0,4.0,2.2,4.25,0.7,0.8,0.974,1.5,2.377,0.129,0.119,
