source_table, observable         , target, ref_target, dY_bin, dY_min, dY_max, dphi_bin, dphi_min, dphi_max, value   , stat    , syst    , syst_endcap_rel_pct, syst_misid_rel_pct, syst_pairacc_rel_pct, syst_evtsel_rel_pct, syst_binwidth_rel_pct, flag
S1          , C_dphi_dY          , D     ,           ,    0.0,    0.0,    0.5,      0.0,     0.0 ,     0.39, 0.000184, 6.8e-05 , 3.4e-05 ,                10.5,                   ,                 14.9,                    ,                      , 
S1          , C_dphi_dY          , C     ,           ,    0.0,    0.0,    0.5,      0.0,     0.0 ,     0.39, 0.000946, 0.000334, 0.000152,                    ,                5.9,                 14.9,                    ,                      , 
S1          , C_dphi_dY          , Fe    ,           ,    0.0,    0.0,    0.5,      0.0,     0.0 ,     0.39, 0.00246 , 0.00049 , 0.00044 ,                    ,                   ,                 14.9,                    ,                      , 
S1          , C_dphi_dY          , Pb    ,           ,    0.0,    0.0,    0.5,      0.0,     0.0 ,     0.39, 0.00168 , 0.00069 , 0.00037 ,                    ,               16.3,                 14.9,                    ,                      , 
S1          , C_dphi_dY          , D     ,           ,    0.0,    0.0,    0.5,      1.0,     0.39,     0.79, 0.000173, 6.5e-05 , 2.9e-05 ,                 6.2,                   ,                 14.9,                    ,                      , 
S1          , C_dphi_dY          , C     ,           ,    0.0,    0.0,    0.5,      1.0,     0.39,     0.79, 0.00203 , 0.00046 , 0.00032 ,                    ,                5.9,                 14.9,                    ,                      , 
S1          , C_dphi_dY          , Fe    ,           ,    0.0,    0.0,    0.5,      1.0,     0.39,     0.79, 0.00292 , 0.0005  , 0.00052 ,                    ,                   ,                 14.9,                    ,                      , 
S1          , C_dphi_dY          , Pb    ,           ,    0.0,    0.0,    0.5,      1.0,     0.39,     0.79, 0.0032  , 0.00089 , 0.00071 ,                    ,               16.3,                 14.9,                    ,                      , 
S1          , C_dphi_dY          , D     ,           ,    0.0,    0.0,    0.5,      2.0,     0.79,     1.18, 0.000155, 6.8e-05 , 2.6e-05 ,                 7.5,                   ,                 14.9,                    ,                      , 
S1          , C_dphi_dY          , C     ,           ,    0.0,    0.0,    0.5,      2.0,     0.79,     1.18, 0.00284 , 0.00057 , 0.00046 ,                    ,                5.9,                 14.9,                    ,                      , 
S1          , C_dphi_dY          , Fe    ,           ,    0.0,    0.0,    0.5,      2.0,     0.79,     1.18, 0.0037  , 0.00059 , 0.00066 ,                    ,                   ,                 14.9,                    ,                      , 
S1          , C_dphi_dY          , Pb    ,           ,    0.0,    0.0,    0.5,      2.0,     0.79,     1.18, 0.00498 , 0.00116 , 0.0011  ,                    ,               16.3,                 14.9,                    ,                      , 
S1          , C_dphi_dY          , D     ,           ,    0.0,    0.0,    0.5,      3.0,     1.18,     1.57, 0.000427, 0.000107, 7e-05   ,                 6.8,                   ,                 14.9,                    ,                      , 
S1          , C_dphi_dY          , C     ,           ,    0.0,    0.0,    0.5,      3.0,     1.18,     1.57, 0.00431 , 0.00071 , 0.00069 ,                    ,                5.9,                 14.9,                    ,                      , 
S1          , C_dphi_dY          , Fe    ,           ,    0.0,    0.0,    0.5,      3.0,     1.18,     1.57, 0.00657 , 0.0008  , 0.00118 ,                    ,                   ,                 14.9,                    ,                      , 
S1          , C_dphi_dY          , Pb    ,           ,    0.0,    0.0,    0.5,      3.0,     1.18,     1.57, 0.00624 , 0.00131 , 0.00138 ,                    ,               16.3,                 14.9,                    ,                      , 
S1          , C_dphi_dY          , D     ,           ,    0.0,    0.0,    0.5,      4.0,     1.57,     1.96, 0.00125 , 0.00017 , 0.00019 ,                 2.0,                1.8,                 14.9,                    ,                      , 
S1          , C_dphi_dY          , C     ,           ,    0.0,    0.0,    0.5,      4.0,     1.57,     1.96, 0.00712 , 0.00091 , 0.0012  ,                    ,                7.8,                 14.9,                    ,                      , 
S1          , C_dphi_dY          , Fe    ,           ,    0.0,    0.0,    0.5,      4.0,     1.57,     1.96, 0.00903 , 0.00093 , 0.00172 ,                    ,               11.8,                 14.9,                    ,                      , 
S1          , C_dphi_dY          , Pb    ,           ,    0.0,    0.0,    0.5,      4.0,     1.57,     1.96, 0.00944 , 0.00161 , 0.00221 ,                    ,               18.1,                 14.9,                    ,                      , 
S1          , C_dphi_dY          , D     ,           ,    0.0,    0.0,    0.5,      5.0,     1.96,     2.36, 0.00418 , 0.0003  , 0.00062 ,                 0.6,                0.4,                 14.9,                    ,                      , 
S1          , C_dphi_dY          , C     ,           ,    0.0,    0.0,    0.5,      5.0,     1.96,     2.36, 0.014   , 0.0013  , 0.0023  ,                    ,                6.3,                 14.9,                    ,                      , 
S1          , C_dphi_dY          , Fe    ,           ,    0.0,    0.0,    0.5,      5.0,     1.96,     2.36, 0.0159  , 0.0012  , 0.0029  ,                    ,               10.4,                 14.9,                    ,                      , 
S1          , C_dphi_dY          , Pb    ,           ,    0.0,    0.0,    0.5,      5.0,     1.96,     2.36, 0.0179  , 0.0022  , 0.004   ,                    ,               16.7,                 14.9,                    ,                      , 
S1          , C_dphi_dY          , D     ,           ,    0.0,    0.0,    0.5,      6.0,     2.36,     2.75, 0.0195  , 0.0006  , 0.0029  ,                 0.2,                0.7,                 14.9,                    ,                      , 
S1          , C_dphi_dY          , C     ,           ,    0.0,    0.0,    0.5,      6.0,     2.36,     2.75, 0.0333  , 0.002   , 0.0054  ,                    ,                6.6,                 14.9,                    ,                      , 
S1          , C_dphi_dY          , Fe    ,           ,    0.0,    0.0,    0.5,      6.0,     2.36,     2.75, 0.0311  , 0.0017  , 0.0057  ,                    ,               10.7,                 14.9,                    ,                      , 
S1          , C_dphi_dY          , Pb    ,           ,    0.0,    0.0,    0.5,      6.0,     2.36,     2.75, 0.0326  , 0.003   , 0.0074  ,                    ,               17.0,                 14.9,                    ,                      , 
S1          , C_dphi_dY          , D     ,           ,    0.0,    0.0,    0.5,      7.0,     2.75,     3.14, 0.0702  , 0.0012  , 0.0125  ,                    ,                9.7,                 14.9,                    ,                      , 
S1          , C_dphi_dY          , C     ,           ,    0.0,    0.0,    0.5,      7.0,     2.75,     3.14, 0.0613  , 0.0026  , 0.0133  ,                    ,               15.6,                 14.9,                    ,                      , 
S1          , C_dphi_dY          , Fe    ,           ,    0.0,    0.0,    0.5,      7.0,     2.75,     3.14, 0.0618  , 0.0024  , 0.0153  ,                    ,               19.7,                 14.9,                    ,                      , 
S1          , C_dphi_dY          , Pb    ,           ,    0.0,    0.0,    0.5,      7.0,     2.75,     3.14, 0.0471  , 0.0036  , 0.0141  ,                    ,               26.0,                 14.9,                    ,                      , 
S1          , C_dphi_dY          , D     ,           ,    1.0,    0.5,    1.0,      0.0,     0.0 ,     0.39, 0.00267 , 0.00022 , 0.00042 ,                 3.9,                   ,                 14.9,                    ,                      , 
S1          , C_dphi_dY          , C     ,           ,    1.0,    0.5,    1.0,      0.0,     0.0 ,     0.39, 0.0121  , 0.001   , 0.0019  ,                 0.1,                5.9,                 14.9,                    ,                      , 
S1          , C_dphi_dY          , Fe    ,           ,    1.0,    0.5,    1.0,      0.0,     0.0 ,     0.39, 0.0233  , 0.0013  , 0.0042  ,                 0.1,                   ,                 14.9,                    ,                      , 
S1          , C_dphi_dY          , Pb    ,           ,    1.0,    0.5,    1.0,      0.0,     0.0 ,     0.39, 0.0287  , 0.0024  , 0.0063  ,                 0.1,               16.3,                 14.9,                    ,                      , 
S1          , C_dphi_dY          , D     ,           ,    1.0,    0.5,    1.0,      1.0,     0.39,     0.79, 0.0032  , 0.00026 , 0.00049 ,                 3.0,                   ,                 14.9,                    ,                      , 
S1          , C_dphi_dY          , C     ,           ,    1.0,    0.5,    1.0,      1.0,     0.39,     0.79, 0.0101  , 0.001   , 0.0016  ,                 0.1,                5.9,                 14.9,                    ,                      , 
S1          , C_dphi_dY          , Fe    ,           ,    1.0,    0.5,    1.0,      1.0,     0.39,     0.79, 0.0183  , 0.0013  , 0.0033  ,                 0.1,                   ,                 14.9,                    ,                      , 
S1          , C_dphi_dY          , Pb    ,           ,    1.0,    0.5,    1.0,      1.0,     0.39,     0.79, 0.02    , 0.0023  , 0.0044  ,                 0.1,               16.3,                 14.9,                    ,                      , 
S1          , C_dphi_dY          , D     ,           ,    1.0,    0.5,    1.0,      2.0,     0.79,     1.18, 0.00404 , 0.0003  , 0.00062 ,                 3.5,                   ,                 14.9,                    ,                      , 
S1          , C_dphi_dY          , C     ,           ,    1.0,    0.5,    1.0,      2.0,     0.79,     1.18, 0.0174  , 0.0014  , 0.0028  ,                 0.1,                5.9,                 14.9,                    ,                      , 
S1          , C_dphi_dY          , Fe    ,           ,    1.0,    0.5,    1.0,      2.0,     0.79,     1.18, 0.029   , 0.0016  , 0.0052  ,                 0.1,                   ,                 14.9,                    ,                      , 
S1          , C_dphi_dY          , Pb    ,           ,    1.0,    0.5,    1.0,      2.0,     0.79,     1.18, 0.0382  , 0.0032  , 0.0084  ,                 0.1,               16.3,                 14.9,                    ,                      , 
S1          , C_dphi_dY          , D     ,           ,    1.0,    0.5,    1.0,      3.0,     1.18,     1.57, 0.00945 , 0.00046 , 0.00143 ,                 2.4,                0.7,                 14.9,                    ,                      , 
S1          , C_dphi_dY          , C     ,           ,    1.0,    0.5,    1.0,      3.0,     1.18,     1.57, 0.026   , 0.0017  , 0.0042  ,                 0.1,                6.6,                 14.9,                    ,                      , 
S1          , C_dphi_dY          , Fe    ,           ,    1.0,    0.5,    1.0,      3.0,     1.18,     1.57, 0.0441  , 0.0021  , 0.0081  ,                 0.1,               10.7,                 14.9,                    ,                      , 
S1          , C_dphi_dY          , Pb    ,           ,    1.0,    0.5,    1.0,      3.0,     1.18,     1.57, 0.0526  , 0.0038  , 0.0119  ,                 0.1,               17.0,                 14.9,                    ,                      , 
S1          , C_dphi_dY          , D     ,           ,    1.0,    0.5,    1.0,      4.0,     1.57,     1.96, 0.0188  , 0.0006  , 0.0028  ,                 1.5,                0.9,                 14.9,                    ,                      , 
S1          , C_dphi_dY          , C     ,           ,    1.0,    0.5,    1.0,      4.0,     1.57,     1.96, 0.0384  , 0.0021  , 0.0063  ,                 0.1,                6.8,                 14.9,                    ,                      , 
S1          , C_dphi_dY          , Fe    ,           ,    1.0,    0.5,    1.0,      4.0,     1.57,     1.96, 0.0612  , 0.0024  , 0.0113  ,                 0.1,               10.9,                 14.9,                    ,                      , 
S1          , C_dphi_dY          , Pb    ,           ,    1.0,    0.5,    1.0,      4.0,     1.57,     1.96, 0.0721  , 0.0045  , 0.0164  ,                 0.1,               17.2,                 14.9,                    ,                      , 
S1          , C_dphi_dY          , D     ,           ,    1.0,    0.5,    1.0,      5.0,     1.96,     2.36, 0.0417  , 0.0009  , 0.0062  ,                 0.4,                1.0,                 14.9,                    ,                      , 
S1          , C_dphi_dY          , C     ,           ,    1.0,    0.5,    1.0,      5.0,     1.96,     2.36, 0.0797  , 0.003   , 0.0131  ,                 0.1,                6.9,                 14.9,                    ,                      , 
S1          , C_dphi_dY          , Fe    ,           ,    1.0,    0.5,    1.0,      5.0,     1.96,     2.36, 0.0939  , 0.003   , 0.0174  ,                 0.1,               11.0,                 14.9,                    ,                      , 
S1          , C_dphi_dY          , Pb    ,           ,    1.0,    0.5,    1.0,      5.0,     1.96,     2.36, 0.096   , 0.0051  , 0.0219  ,                 0.1,               17.3,                 14.9,                    ,                      , 
S1          , C_dphi_dY          , D     ,           ,    1.0,    0.5,    1.0,      6.0,     2.36,     2.75, 0.109   , 0.002   , 0.016   ,                 0.1,                2.1,                 14.9,                    ,                      , 
S1          , C_dphi_dY          , C     ,           ,    1.0,    0.5,    1.0,      6.0,     2.36,     2.75, 0.149   , 0.004   , 0.025   ,                 0.1,                8.0,                 14.9,                    ,                      , 
S1          , C_dphi_dY          , Fe    ,           ,    1.0,    0.5,    1.0,      6.0,     2.36,     2.75, 0.152   , 0.004   , 0.029   ,                 0.1,               12.1,                 14.9,                    ,                      , 
S1          , C_dphi_dY          , Pb    ,           ,    1.0,    0.5,    1.0,      6.0,     2.36,     2.75, 0.159   , 0.007   , 0.038   ,                 0.1,               18.4,                 14.9,                    ,                      , 
S1          , C_dphi_dY          , D     ,           ,    1.0,    0.5,    1.0,      7.0,     2.75,     3.14, 0.237   , 0.002   , 0.046   ,                    ,               12.5,                 14.9,                    ,                      , 
S1          , C_dphi_dY          , C     ,           ,    1.0,    0.5,    1.0,      7.0,     2.75,     3.14, 0.225   , 0.005   , 0.053   ,                 0.1,               18.5,                 14.9,                    ,                      , 
S1          , C_dphi_dY          , Fe    ,           ,    1.0,    0.5,    1.0,      7.0,     2.75,     3.14, 0.23    , 0.005   , 0.062   ,                 0.1,               22.5,                 14.9,                    ,                      , 
S1          , C_dphi_dY          , Pb    ,           ,    1.0,    0.5,    1.0,      7.0,     2.75,     3.14, 0.202   , 0.007   , 0.066   ,                 0.1,               28.8,                 14.9,                    ,                      , 
S1          , C_dphi_dY          , D     ,           ,    2.0,    1.0,    1.5,      0.0,     0.0 ,     0.39, 0.011   , 0.0005  , 0.0017  ,                 3.2,                   ,                 14.9,                    ,                      , 
S1          , C_dphi_dY          , C     ,           ,    2.0,    1.0,    1.5,      0.0,     0.0 ,     0.39, 0.0492  , 0.0023  , 0.0079  ,                 0.1,                5.9,                 14.9,                    ,                      , 
S1          , C_dphi_dY          , Fe    ,           ,    2.0,    1.0,    1.5,      0.0,     0.0 ,     0.39, 0.0806  , 0.0026  , 0.0145  ,                 0.1,                   ,                 14.9,                    ,                      , 
S1          , C_dphi_dY          , Pb    ,           ,    2.0,    1.0,    1.5,      0.0,     0.0 ,     0.39, 0.0954  , 0.0048  , 0.021   ,                 0.1,               16.3,                 14.9,                    ,                      , 
S1          , C_dphi_dY          , D     ,           ,    2.0,    1.0,    1.5,      1.0,     0.39,     0.79, 0.0115  , 0.0005  , 0.0017  ,                 2.2,                   ,                 14.9,                    ,                      , 
S1          , C_dphi_dY          , C     ,           ,    2.0,    1.0,    1.5,      1.0,     0.39,     0.79, 0.0506  , 0.0023  , 0.0081  ,                 0.1,                5.9,                 14.9,                    ,                      , 
S1          , C_dphi_dY          , Fe    ,           ,    2.0,    1.0,    1.5,      1.0,     0.39,     0.79, 0.0726  , 0.0025  , 0.013   ,                 0.1,                   ,                 14.9,                    ,                      , 
S1          , C_dphi_dY          , Pb    ,           ,    2.0,    1.0,    1.5,      1.0,     0.39,     0.79, 0.0823  , 0.0046  , 0.0182  ,                 0.1,               16.3,                 14.9,                    ,                      , 
S1          , C_dphi_dY          , D     ,           ,    2.0,    1.0,    1.5,      2.0,     0.79,     1.18, 0.0155  , 0.0006  , 0.0023  ,                 2.2,                1.5,                 14.9,                    ,                      , 
S1          , C_dphi_dY          , C     ,           ,    2.0,    1.0,    1.5,      2.0,     0.79,     1.18, 0.0596  , 0.0026  , 0.0099  ,                 0.1,                7.4,                 14.9,                    ,                      , 
S1          , C_dphi_dY          , Fe    ,           ,    2.0,    1.0,    1.5,      2.0,     0.79,     1.18, 0.0881  , 0.0028  , 0.0166  ,                 0.1,               11.5,                 14.9,                    ,                      , 
S1          , C_dphi_dY          , Pb    ,           ,    2.0,    1.0,    1.5,      2.0,     0.79,     1.18, 0.109   , 0.005   , 0.025   ,                 0.1,               17.8,                 14.9,                    ,                      , 
S1          , C_dphi_dY          , D     ,           ,    2.0,    1.0,    1.5,      3.0,     1.18,     1.57, 0.0314  , 0.0008  , 0.0047  ,                 1.4,                0.9,                 14.9,                    ,                      , 
S1          , C_dphi_dY          , C     ,           ,    2.0,    1.0,    1.5,      3.0,     1.18,     1.57, 0.0893  , 0.0032  , 0.0146  ,                 0.2,                6.8,                 14.9,                    ,                      , 
S1          , C_dphi_dY          , Fe    ,           ,    2.0,    1.0,    1.5,      3.0,     1.18,     1.57, 0.125   , 0.003   , 0.023   ,                 0.2,               10.9,                 14.9,                    ,                      , 
S1          , C_dphi_dY          , Pb    ,           ,    2.0,    1.0,    1.5,      3.0,     1.18,     1.57, 0.134   , 0.006   , 0.03    ,                 0.2,               17.1,                 14.9,                    ,                      , 
S1          , C_dphi_dY          , D     ,           ,    2.0,    1.0,    1.5,      4.0,     1.57,     1.96, 0.0566  , 0.0011  , 0.0085  ,                 0.9,                1.3,                 14.9,                    ,                      , 
S1          , C_dphi_dY          , C     ,           ,    2.0,    1.0,    1.5,      4.0,     1.57,     1.96, 0.13    , 0.004   , 0.022   ,                 0.2,                7.2,                 14.9,                    ,                      , 
S1          , C_dphi_dY          , Fe    ,           ,    2.0,    1.0,    1.5,      4.0,     1.57,     1.96, 0.171   , 0.004   , 0.032   ,                 0.2,               11.3,                 14.9,                    ,                      , 
S1          , C_dphi_dY          , Pb    ,           ,    2.0,    1.0,    1.5,      4.0,     1.57,     1.96, 0.178   , 0.007   , 0.041   ,                 0.2,               17.5,                 14.9,                    ,                      , 
S1          , C_dphi_dY          , D     ,           ,    2.0,    1.0,    1.5,      5.0,     1.96,     2.36, 0.104   , 0.001   , 0.015   ,                 0.4,                1.0,                 14.9,                    ,                      , 
S1          , C_dphi_dY          , C     ,           ,    2.0,    1.0,    1.5,      5.0,     1.96,     2.36, 0.188   , 0.005   , 0.031   ,                 0.2,                6.9,                 14.9,                    ,                      , 
S1          , C_dphi_dY          , Fe    ,           ,    2.0,    1.0,    1.5,      5.0,     1.96,     2.36, 0.224   , 0.005   , 0.042   ,                 0.2,               11.0,                 14.9,                    ,                      , 
S1          , C_dphi_dY          , Pb    ,           ,    2.0,    1.0,    1.5,      5.0,     1.96,     2.36, 0.232   , 0.008   , 0.053   ,                 0.2,               17.2,                 14.9,                    ,                      , 
S1          , C_dphi_dY          , D     ,           ,    2.0,    1.0,    1.5,      6.0,     2.36,     2.75, 0.194   , 0.002   , 0.029   ,                 0.2,                2.2,                 14.9,                    ,                      , 
S1          , C_dphi_dY          , C     ,           ,    2.0,    1.0,    1.5,      6.0,     2.36,     2.75, 0.289   , 0.006   , 0.049   ,                 0.2,                8.1,                 14.9,                    ,                      , 
S1          , C_dphi_dY          , Fe    ,           ,    2.0,    1.0,    1.5,      6.0,     2.36,     2.75, 0.323   , 0.006   , 0.062   ,                 0.2,               12.2,                 14.9,                    ,                      , 
S1          , C_dphi_dY          , Pb    ,           ,    2.0,    1.0,    1.5,      6.0,     2.36,     2.75, 0.328   , 0.009   , 0.078   ,                 0.2,               18.5,                 14.9,                    ,                      , 
S1          , C_dphi_dY          , D     ,           ,    2.0,    1.0,    1.5,      7.0,     2.75,     3.14, 0.326   , 0.003   , 0.066   ,                 0.1,               13.5,                 14.9,                    ,                      , 
S1          , C_dphi_dY          , C     ,           ,    2.0,    1.0,    1.5,      7.0,     2.75,     3.14, 0.383   , 0.007   , 0.094   ,                 0.2,               19.4,                 14.9,                    ,                      , 
S1          , C_dphi_dY          , Fe    ,           ,    2.0,    1.0,    1.5,      7.0,     2.75,     3.14, 0.408   , 0.006   , 0.114   ,                 0.2,               23.5,                 14.9,                    ,                      , 
S1          , C_dphi_dY          , Pb    ,           ,    2.0,    1.0,    1.5,      7.0,     2.75,     3.14, 0.398   , 0.01    , 0.133   ,                 0.2,               29.8,                 14.9,                    ,                      , 
S1          , C_dphi_dY          , D     ,           ,    3.0,    1.5,    2.0,      0.0,     0.0 ,     0.39, 0.028   , 0.0008  , 0.0042  ,                 1.4,                0.3,                 14.9,                    ,                      , 
S1          , C_dphi_dY          , C     ,           ,    3.0,    1.5,    2.0,      0.0,     0.0 ,     0.39, 0.0752  , 0.0029  , 0.0122  ,                 0.2,                6.3,                 14.9,                    ,                      , 
S1          , C_dphi_dY          , Fe    ,           ,    3.0,    1.5,    2.0,      0.0,     0.0 ,     0.39, 0.109   , 0.003   , 0.02    ,                 0.2,               10.3,                 14.9,                    ,                      , 
S1          , C_dphi_dY          , Pb    ,           ,    3.0,    1.5,    2.0,      0.0,     0.0 ,     0.39, 0.119   , 0.006   , 0.026   ,                 0.2,               16.6,                 14.9,                    ,                      , 
S1          , C_dphi_dY          , D     ,           ,    3.0,    1.5,    2.0,      1.0,     0.39,     0.79, 0.0285  , 0.0008  , 0.0043  ,                 1.6,                1.3,                 14.9,                    ,                      , 
S1          , C_dphi_dY          , C     ,           ,    3.0,    1.5,    2.0,      1.0,     0.39,     0.79, 0.0728  , 0.0029  , 0.012   ,                 0.2,                7.2,                 14.9,                    ,                      , 
S1          , C_dphi_dY          , Fe    ,           ,    3.0,    1.5,    2.0,      1.0,     0.39,     0.79, 0.11    , 0.003   , 0.021   ,                 0.2,               11.3,                 14.9,                    ,                      , 
S1          , C_dphi_dY          , Pb    ,           ,    3.0,    1.5,    2.0,      1.0,     0.39,     0.79, 0.124   , 0.006   , 0.028   ,                 0.2,               17.5,                 14.9,                    ,                      , 
S1          , C_dphi_dY          , D     ,           ,    3.0,    1.5,    2.0,      2.0,     0.79,     1.18, 0.0312  , 0.0008  , 0.0047  ,                 1.4,                0.9,                 14.9,                    ,                      , 
S1          , C_dphi_dY          , C     ,           ,    3.0,    1.5,    2.0,      2.0,     0.79,     1.18, 0.0784  , 0.003   , 0.0129  ,                 0.2,                6.9,                 14.9,                    ,                      , 
S1          , C_dphi_dY          , Fe    ,           ,    3.0,    1.5,    2.0,      2.0,     0.79,     1.18, 0.113   , 0.003   , 0.021   ,                 0.2,               10.9,                 14.9,                    ,                      , 
S1          , C_dphi_dY          , Pb    ,           ,    3.0,    1.5,    2.0,      2.0,     0.79,     1.18, 0.123   , 0.006   , 0.028   ,                 0.2,               17.2,                 14.9,                    ,                      , 
S1          , C_dphi_dY          , D     ,           ,    3.0,    1.5,    2.0,      3.0,     1.18,     1.57, 0.0446  , 0.001   , 0.0067  ,                 1.2,                1.6,                 14.9,                    ,                      , 
S1          , C_dphi_dY          , C     ,           ,    3.0,    1.5,    2.0,      3.0,     1.18,     1.57, 0.104   , 0.003   , 0.017   ,                 0.2,                7.5,                 14.9,                    ,                      , 
S1          , C_dphi_dY          , Fe    ,           ,    3.0,    1.5,    2.0,      3.0,     1.18,     1.57, 0.147   , 0.004   , 0.028   ,                 0.2,               11.6,                 14.9,                    ,                      , 
S1          , C_dphi_dY          , Pb    ,           ,    3.0,    1.5,    2.0,      3.0,     1.18,     1.57, 0.161   , 0.007   , 0.037   ,                 0.2,               17.9,                 14.9,                    ,                      , 
S1          , C_dphi_dY          , D     ,           ,    3.0,    1.5,    2.0,      4.0,     1.57,     1.96, 0.0797  , 0.0013  , 0.0119  ,                 0.7,                1.3,                 14.9,                    ,                      , 
S1          , C_dphi_dY          , C     ,           ,    3.0,    1.5,    2.0,      4.0,     1.57,     1.96, 0.163   , 0.004   , 0.027   ,                 0.2,                7.2,                 14.9,                    ,                      , 
S1          , C_dphi_dY          , Fe    ,           ,    3.0,    1.5,    2.0,      4.0,     1.57,     1.96, 0.205   , 0.004   , 0.038   ,                 0.2,               11.3,                 14.9,                    ,                      , 
S1          , C_dphi_dY          , Pb    ,           ,    3.0,    1.5,    2.0,      4.0,     1.57,     1.96, 0.212   , 0.008   , 0.049   ,                 0.2,               17.6,                 14.9,                    ,                      , 
S1          , C_dphi_dY          , D     ,           ,    3.0,    1.5,    2.0,      5.0,     1.96,     2.36, 0.112   , 0.002   , 0.017   ,                 0.5,                1.8,                 14.9,                    ,                      , 
S1          , C_dphi_dY          , C     ,           ,    3.0,    1.5,    2.0,      5.0,     1.96,     2.36, 0.201   , 0.005   , 0.034   ,                 0.2,                7.8,                 14.9,                    ,                      , 
S1          , C_dphi_dY          , Fe    ,           ,    3.0,    1.5,    2.0,      5.0,     1.96,     2.36, 0.246   , 0.005   , 0.047   ,                 0.2,               11.8,                 14.9,                    ,                      , 
S1          , C_dphi_dY          , Pb    ,           ,    3.0,    1.5,    2.0,      5.0,     1.96,     2.36, 0.243   , 0.008   , 0.057   ,                 0.2,               18.1,                 14.9,                    ,                      , 
S1          , C_dphi_dY          , D     ,           ,    3.0,    1.5,    2.0,      6.0,     2.36,     2.75, 0.165   , 0.002   , 0.025   ,                 0.3,                3.0,                 14.9,                    ,                      , 
S1          , C_dphi_dY          , C     ,           ,    3.0,    1.5,    2.0,      6.0,     2.36,     2.75, 0.28    , 0.006   , 0.049   ,                 0.2,                8.9,                 14.9,                    ,                      , 
S1          , C_dphi_dY          , Fe    ,           ,    3.0,    1.5,    2.0,      6.0,     2.36,     2.75, 0.314   , 0.005   , 0.062   ,                 0.2,               13.0,                 14.9,                    ,                      , 
S1          , C_dphi_dY          , Pb    ,           ,    3.0,    1.5,    2.0,      6.0,     2.36,     2.75, 0.311   , 0.009   , 0.076   ,                 0.2,               19.3,                 14.9,                    ,                      , 
S1          , C_dphi_dY          , D     ,           ,    3.0,    1.5,    2.0,      7.0,     2.75,     3.14, 0.214   , 0.002   , 0.046   ,                 0.2,               15.6,                 14.9,                    ,                      , 
S1          , C_dphi_dY          , C     ,           ,    3.0,    1.5,    2.0,      7.0,     2.75,     3.14, 0.321   , 0.006   , 0.084   ,                 0.2,               21.5,                 14.9,                    ,                      , 
S1          , C_dphi_dY          , Fe    ,           ,    3.0,    1.5,    2.0,      7.0,     2.75,     3.14, 0.352   , 0.006   , 0.104   ,                 0.2,               25.6,                 14.9,                    ,                      , 
S1          , C_dphi_dY          , Pb    ,           ,    3.0,    1.5,    2.0,      7.0,     2.75,     3.14, 0.341   , 0.01    , 0.12    ,                 0.2,               31.9,                 14.9,                    ,                      , 
S1          , C_dphi_dY          , D     ,           ,    4.0,    2.0,    2.5,      0.0,     0.0 ,     0.39, 0.0291  , 0.0008  , 0.0044  ,                 0.8,                0.7,                 14.9,                 3.0,                      , 
S1          , C_dphi_dY          , C     ,           ,    4.0,    2.0,    2.5,      0.0,     0.0 ,     0.39, 0.0494  , 0.0024  , 0.0082  ,                 0.1,                6.6,                 14.9,                 3.0,                      , 
S1          , C_dphi_dY          , Fe    ,           ,    4.0,    2.0,    2.5,      0.0,     0.0 ,     0.39, 0.0689  , 0.0026  , 0.0128  ,                 0.1,               10.6,                 14.9,                 3.0,                      , 
S1          , C_dphi_dY          , Pb    ,           ,    4.0,    2.0,    2.5,      0.0,     0.0 ,     0.39, 0.0696  , 0.0043  , 0.0158  ,                 0.1,               16.9,                 14.9,                 3.0,                      , 
S1          , C_dphi_dY          , D     ,           ,    4.0,    2.0,    2.5,      1.0,     0.39,     0.79, 0.0319  , 0.0008  , 0.0049  ,                 0.6,                0.9,                 14.9,                 3.0,                      , 
S1          , C_dphi_dY          , C     ,           ,    4.0,    2.0,    2.5,      1.0,     0.39,     0.79, 0.0567  , 0.0026  , 0.0094  ,                 0.1,                6.9,                 14.9,                 3.0,                      , 
S1          , C_dphi_dY          , Fe    ,           ,    4.0,    2.0,    2.5,      1.0,     0.39,     0.79, 0.073   , 0.0026  , 0.0137  ,                 0.1,               10.9,                 14.9,                 3.0,                      , 
S1          , C_dphi_dY          , Pb    ,           ,    4.0,    2.0,    2.5,      1.0,     0.39,     0.79, 0.0798  , 0.0047  , 0.0183  ,                 0.1,               17.2,                 14.9,                 3.0,                      , 
S1          , C_dphi_dY          , D     ,           ,    4.0,    2.0,    2.5,      2.0,     0.79,     1.18, 0.0334  , 0.0008  , 0.0051  ,                 0.8,                1.1,                 14.9,                 3.0,                      , 
S1          , C_dphi_dY          , C     ,           ,    4.0,    2.0,    2.5,      2.0,     0.79,     1.18, 0.0658  , 0.0028  , 0.011   ,                 0.1,                7.1,                 14.9,                 3.0,                      , 
S1          , C_dphi_dY          , Fe    ,           ,    4.0,    2.0,    2.5,      2.0,     0.79,     1.18, 0.0874  , 0.0029  , 0.0165  ,                 0.1,               11.1,                 14.9,                 3.0,                      , 
S1          , C_dphi_dY          , Pb    ,           ,    4.0,    2.0,    2.5,      2.0,     0.79,     1.18, 0.0715  , 0.0044  , 0.0165  ,                 0.1,               17.4,                 14.9,                 3.0,                      , 
S1          , C_dphi_dY          , D     ,           ,    4.0,    2.0,    2.5,      3.0,     1.18,     1.57, 0.0423  , 0.0009  , 0.0065  ,                 0.7,                1.2,                 14.9,                 3.0,                      , 
S1          , C_dphi_dY          , C     ,           ,    4.0,    2.0,    2.5,      3.0,     1.18,     1.57, 0.0699  , 0.0028  , 0.0117  ,                 0.1,                7.1,                 14.9,                 3.0,                      , 
S1          , C_dphi_dY          , Fe    ,           ,    4.0,    2.0,    2.5,      3.0,     1.18,     1.57, 0.0941  , 0.003   , 0.0177  ,                 0.1,               11.2,                 14.9,                 3.0,                      , 
S1          , C_dphi_dY          , Pb    ,           ,    4.0,    2.0,    2.5,      3.0,     1.18,     1.57, 0.0918  , 0.005   , 0.0213  ,                 0.1,               17.5,                 14.9,                 3.0,                      , 
S1          , C_dphi_dY          , D     ,           ,    4.0,    2.0,    2.5,      4.0,     1.57,     1.96, 0.054   , 0.0011  , 0.0083  ,                 0.7,                1.9,                 14.9,                 3.0,                      , 
S1          , C_dphi_dY          , C     ,           ,    4.0,    2.0,    2.5,      4.0,     1.57,     1.96, 0.0866  , 0.0032  , 0.0148  ,                 0.1,                7.9,                 14.9,                 3.0,                      , 
S1          , C_dphi_dY          , Fe    ,           ,    4.0,    2.0,    2.5,      4.0,     1.57,     1.96, 0.117   , 0.003   , 0.023   ,                 0.1,               11.9,                 14.9,                 3.0,                      , 
S1          , C_dphi_dY          , Pb    ,           ,    4.0,    2.0,    2.5,      4.0,     1.57,     1.96, 0.125   , 0.006   , 0.03    ,                 0.1,               18.2,                 14.9,                 3.0,                      , 
S1          , C_dphi_dY          , D     ,           ,    4.0,    2.0,    2.5,      5.0,     1.96,     2.36, 0.0614  , 0.0011  , 0.0094  ,                 0.2,                1.4,                 14.9,                 3.0,                      , 
S1          , C_dphi_dY          , C     ,           ,    4.0,    2.0,    2.5,      5.0,     1.96,     2.36, 0.115   , 0.004   , 0.019   ,                 0.1,                7.4,                 14.9,                 3.0,                      , 
S1          , C_dphi_dY          , Fe    ,           ,    4.0,    2.0,    2.5,      5.0,     1.96,     2.36, 0.126   , 0.003   , 0.024   ,                 0.1,               11.4,                 14.9,                 3.0,                      , 
S1          , C_dphi_dY          , Pb    ,           ,    4.0,    2.0,    2.5,      5.0,     1.96,     2.36, 0.117   , 0.006   , 0.027   ,                 0.1,               17.7,                 14.9,                 3.0,                      , 
S1          , C_dphi_dY          , D     ,           ,    4.0,    2.0,    2.5,      6.0,     2.36,     2.75, 0.0784  , 0.0013  , 0.0129  ,                 0.5,                6.2,                 14.9,                 3.0,                      , 
S1          , C_dphi_dY          , C     ,           ,    4.0,    2.0,    2.5,      6.0,     2.36,     2.75, 0.125   , 0.004   , 0.024   ,                 0.1,               12.1,                 14.9,                 3.0,                      , 
S1          , C_dphi_dY          , Fe    ,           ,    4.0,    2.0,    2.5,      6.0,     2.36,     2.75, 0.155   , 0.004   , 0.034   ,                 0.1,               16.2,                 14.9,                 3.0,                      , 
S1          , C_dphi_dY          , Pb    ,           ,    4.0,    2.0,    2.5,      6.0,     2.36,     2.75, 0.14    , 0.006   , 0.038   ,                 0.1,               22.5,                 14.9,                 3.0,                      , 
S1          , C_dphi_dY          , D     ,           ,    4.0,    2.0,    2.5,      7.0,     2.75,     3.14, 0.0871  , 0.0013  , 0.0192  ,                 0.2,               16.0,                 14.9,                 3.0,                      , 
S1          , C_dphi_dY          , C     ,           ,    4.0,    2.0,    2.5,      7.0,     2.75,     3.14, 0.137   , 0.004   , 0.037   ,                 0.1,               21.9,                 14.9,                 3.0,                      , 
S1          , C_dphi_dY          , Fe    ,           ,    4.0,    2.0,    2.5,      7.0,     2.75,     3.14, 0.149   , 0.004   , 0.045   ,                 0.1,               26.0,                 14.9,                 3.0,                      , 
S1          , C_dphi_dY          , Pb    ,           ,    4.0,    2.0,    2.5,      7.0,     2.75,     3.14, 0.156   , 0.007   , 0.056   ,                 0.1,               32.2,                 14.9,                 3.0,                      , 
S1          , C_dphi_dY          , D     ,           ,    5.0,    2.5,    3.0,      0.0,     0.0 ,     0.39, 0.0127  , 0.0005  , 0.0021  ,                 0.4,                2.2,                 14.9,                 7.0,                      , 
S1          , C_dphi_dY          , C     ,           ,    5.0,    2.5,    3.0,      0.0,     0.0 ,     0.39, 0.0263  , 0.0018  , 0.0048  ,                 0.1,                8.1,                 14.9,                 7.0,                      , 
S1          , C_dphi_dY          , Fe    ,           ,    5.0,    2.5,    3.0,      0.0,     0.0 ,     0.39, 0.0306  , 0.0017  , 0.0063  ,                 0.1,               12.1,                 14.9,                 7.0,                      , 
S1          , C_dphi_dY          , Pb    ,           ,    5.0,    2.5,    3.0,      0.0,     0.0 ,     0.39, 0.0314  , 0.003   , 0.0078  ,                 0.1,               18.4,                 14.9,                 7.0,                      , 
S1          , C_dphi_dY          , D     ,           ,    5.0,    2.5,    3.0,      1.0,     0.39,     0.79, 0.0138  , 0.0005  , 0.0023  ,                 0.8,                2.1,                 14.9,                 7.0,                      , 
S1          , C_dphi_dY          , C     ,           ,    5.0,    2.5,    3.0,      1.0,     0.39,     0.79, 0.0261  , 0.0017  , 0.0048  ,                 0.1,                8.0,                 14.9,                 7.0,                      , 
S1          , C_dphi_dY          , Fe    ,           ,    5.0,    2.5,    3.0,      1.0,     0.39,     0.79, 0.0356  , 0.0018  , 0.0073  ,                 0.1,               12.1,                 14.9,                 7.0,                      , 
S1          , C_dphi_dY          , Pb    ,           ,    5.0,    2.5,    3.0,      1.0,     0.39,     0.79, 0.0383  , 0.0032  , 0.0094  ,                 0.1,               18.3,                 14.9,                 7.0,                      , 
S1          , C_dphi_dY          , D     ,           ,    5.0,    2.5,    3.0,      2.0,     0.79,     1.18, 0.0141  , 0.0005  , 0.0023  ,                 0.6,                1.6,                 14.9,                 7.0,                      , 
S1          , C_dphi_dY          , C     ,           ,    5.0,    2.5,    3.0,      2.0,     0.79,     1.18, 0.0302  , 0.0019  , 0.0055  ,                 0.1,                7.5,                 14.9,                 7.0,                      , 
S1          , C_dphi_dY          , Fe    ,           ,    5.0,    2.5,    3.0,      2.0,     0.79,     1.18, 0.0374  , 0.0019  , 0.0075  ,                 0.1,               11.6,                 14.9,                 7.0,                      , 
S1          , C_dphi_dY          , Pb    ,           ,    5.0,    2.5,    3.0,      2.0,     0.79,     1.18, 0.0313  , 0.0029  , 0.0076  ,                 0.1,               17.9,                 14.9,                 7.0,                      , 
S1          , C_dphi_dY          , D     ,           ,    5.0,    2.5,    3.0,      3.0,     1.18,     1.57, 0.0173  , 0.0006  , 0.0029  ,                 1.2,                1.4,                 14.9,                 7.0,                      , 
S1          , C_dphi_dY          , C     ,           ,    5.0,    2.5,    3.0,      3.0,     1.18,     1.57, 0.0267  , 0.0018  , 0.0048  ,                 0.1,                7.3,                 14.9,                 7.0,                      , 
S1          , C_dphi_dY          , Fe    ,           ,    5.0,    2.5,    3.0,      3.0,     1.18,     1.57, 0.0432  , 0.0021  , 0.0086  ,                 0.1,               11.4,                 14.9,                 7.0,                      , 
S1          , C_dphi_dY          , Pb    ,           ,    5.0,    2.5,    3.0,      3.0,     1.18,     1.57, 0.0377  , 0.0032  , 0.0091  ,                 0.1,               17.7,                 14.9,                 7.0,                      , 
S1          , C_dphi_dY          , D     ,           ,    5.0,    2.5,    3.0,      4.0,     1.57,     1.96, 0.0202  , 0.0006  , 0.0034  ,                 0.6,                3.8,                 14.9,                 7.0,                      , 
S1          , C_dphi_dY          , C     ,           ,    5.0,    2.5,    3.0,      4.0,     1.57,     1.96, 0.0356  , 0.002   , 0.0068  ,                 0.1,                9.7,                 14.9,                 7.0,                      , 
S1          , C_dphi_dY          , Fe    ,           ,    5.0,    2.5,    3.0,      4.0,     1.57,     1.96, 0.0455  , 0.0021  , 0.0098  ,                 0.1,               13.8,                 14.9,                 7.0,                      , 
S1          , C_dphi_dY          , Pb    ,           ,    5.0,    2.5,    3.0,      4.0,     1.57,     1.96, 0.042   , 0.0034  , 0.0109  ,                 0.1,               20.1,                 14.9,                 7.0,                      , 
S1          , C_dphi_dY          , D     ,           ,    5.0,    2.5,    3.0,      5.0,     1.96,     2.36, 0.0231  , 0.0007  , 0.0039  ,                 0.4,                4.2,                 14.9,                 7.0,                      , 
S1          , C_dphi_dY          , C     ,           ,    5.0,    2.5,    3.0,      5.0,     1.96,     2.36, 0.0432  , 0.0022  , 0.0084  ,                 0.1,               10.1,                 14.9,                 7.0,                      , 
S1          , C_dphi_dY          , Fe    ,           ,    5.0,    2.5,    3.0,      5.0,     1.96,     2.36, 0.0511  , 0.0022  , 0.0111  ,                 0.1,               14.2,                 14.9,                 7.0,                      , 
S1          , C_dphi_dY          , Pb    ,           ,    5.0,    2.5,    3.0,      5.0,     1.96,     2.36, 0.047   , 0.0036  , 0.0123  ,                 0.1,               20.5,                 14.9,                 7.0,                      , 
S1          , C_dphi_dY          , D     ,           ,    5.0,    2.5,    3.0,      6.0,     2.36,     2.75, 0.0262  , 0.0007  , 0.0056  ,                 0.6,               13.8,                 14.9,                 7.0,                      , 
S1          , C_dphi_dY          , C     ,           ,    5.0,    2.5,    3.0,      6.0,     2.36,     2.75, 0.0432  , 0.0022  , 0.0111  ,                 0.1,               19.7,                 14.9,                 7.0,                      , 
S1          , C_dphi_dY          , Fe    ,           ,    5.0,    2.5,    3.0,      6.0,     2.36,     2.75, 0.056   , 0.0023  , 0.0162  ,                 0.1,               23.8,                 14.9,                 7.0,                      , 
S1          , C_dphi_dY          , Pb    ,           ,    5.0,    2.5,    3.0,      6.0,     2.36,     2.75, 0.0472  , 0.0036  , 0.0162  ,                 0.1,               30.1,                 14.9,                 7.0,                      , 
S1          , C_dphi_dY          , D     ,           ,    5.0,    2.5,    3.0,      7.0,     2.75,     3.14, 0.0276  , 0.0008  , 0.0073  ,                 0.6,               20.8,                 14.9,                 7.0,                      , 
S1          , C_dphi_dY          , C     ,           ,    5.0,    2.5,    3.0,      7.0,     2.75,     3.14, 0.0484  , 0.0023  , 0.0152  ,                 0.1,               26.8,                 14.9,                 7.0,                      , 
S1          , C_dphi_dY          , Fe    ,           ,    5.0,    2.5,    3.0,      7.0,     2.75,     3.14, 0.0619  , 0.0024  , 0.0216  ,                 0.1,               30.8,                 14.9,                 7.0,                      , 
S1          , C_dphi_dY          , Pb    ,           ,    5.0,    2.5,    3.0,      7.0,     2.75,     3.14, 0.0437  , 0.0034  , 0.0178  ,                 0.1,               37.1,                 14.9,                 7.0,                      , 
S2          , R_A_over_D         , C     , D         ,    0.0,    0.0,    0.5,      0.0,     0.0 ,     0.39, 5.14    , 2.39    , 0.62    ,                10.5,                5.9,                     ,                    ,                      , 
S2          , R_A_over_D         , Fe    , D         ,    0.0,    0.0,    0.5,      0.0,     0.0 ,     0.39, 13.34   , 4.83    , 1.94    ,                10.5,                   ,                     ,                    ,                      , 
S2          , R_A_over_D         , Pb    , D         ,    0.0,    0.0,    0.5,      0.0,     0.0 ,     0.39, 9.13    , 4.63    , 1.77    ,                10.5,               16.3,                     ,                    ,                      , 
S2          , R_A_over_D         , C     , D         ,    0.0,    0.0,    0.5,      1.0,     0.39,     0.79, 11.68   , 4.77    , 1.08    ,                 7.1,                5.9,                     ,                    ,                      , 
S2          , R_A_over_D         , Fe    , D         ,    0.0,    0.0,    0.5,      1.0,     0.39,     0.79, 16.83   , 6.26    , 2.06    ,                 7.1,                   ,                     ,                    ,                      , 
S2          , R_A_over_D         , Pb    , D         ,    0.0,    0.0,    0.5,      1.0,     0.39,     0.79, 18.45   , 8.25    , 3.28    ,                 7.1,               16.3,                     ,                    ,                      , 
S2          , R_A_over_D         , C     , D         ,    0.0,    0.0,    0.5,      2.0,     0.79,     1.18, 18.36   , 6.73    , 1.8     ,                 7.8,                5.9,                     ,                    ,                      , 
S2          , R_A_over_D         , Fe    , D         ,    0.0,    0.0,    0.5,      2.0,     0.79,     1.18, 23.89   , 8.23    , 3.03    ,                 7.8,                   ,                     ,                    ,                      , 
S2          , R_A_over_D         , Pb    , D         ,    0.0,    0.0,    0.5,      2.0,     0.79,     1.18, 32.16   , 12.44   , 5.8     ,                 7.8,               16.3,                     ,                    ,                      , 
S2          , R_A_over_D         , C     , D         ,    0.0,    0.0,    0.5,      3.0,     1.18,     1.57, 10.09   , 2.57    , 0.91    ,                 6.9,                5.9,                     ,                    ,                      , 
S2          , R_A_over_D         , Fe    , D         ,    0.0,    0.0,    0.5,      3.0,     1.18,     1.57, 15.38   , 3.51    , 1.86    ,                 6.9,                   ,                     ,                    ,                      , 
S2          , R_A_over_D         , Pb    , D         ,    0.0,    0.0,    0.5,      3.0,     1.18,     1.57, 14.61   , 4.2     , 2.58    ,                 6.9,               16.3,                     ,                    ,                      , 
S2          , R_A_over_D         , C     , D         ,    0.0,    0.0,    0.5,      4.0,     1.57,     1.96, 5.7     , 1.01    , 0.36    ,                 2.0,                6.0,                     ,                    ,                      , 
S2          , R_A_over_D         , Fe    , D         ,    0.0,    0.0,    0.5,      4.0,     1.57,     1.96, 7.22    , 1.16    , 0.75    ,                 2.0,               10.2,                     ,                    ,                      , 
S2          , R_A_over_D         , Pb    , D         ,    0.0,    0.0,    0.5,      4.0,     1.57,     1.96, 7.55    , 1.6     , 1.26    ,                 2.0,               16.6,                     ,                    ,                      , 
S2          , R_A_over_D         , C     , D         ,    0.0,    0.0,    0.5,      5.0,     1.96,     2.36, 3.35    , 0.38    , 0.2     ,                 0.6,                5.9,                     ,                    ,                      , 
S2          , R_A_over_D         , Fe    , D         ,    0.0,    0.0,    0.5,      5.0,     1.96,     2.36, 3.81    , 0.4     , 0.38    ,                 0.6,                   ,                     ,                    ,                      , 
S2          , R_A_over_D         , Pb    , D         ,    0.0,    0.0,    0.5,      5.0,     1.96,     2.36, 4.28    , 0.61    , 0.7     ,                 0.6,               16.3,                     ,                    ,                      , 
S2          , R_A_over_D         , C     , D         ,    0.0,    0.0,    0.5,      6.0,     2.36,     2.75, 1.7     , 0.12    , 0.1     ,                 0.2,                6.0,                     ,                    ,                      , 
S2          , R_A_over_D         , Fe    , D         ,    0.0,    0.0,    0.5,      6.0,     2.36,     2.75, 1.59    , 0.1     , 0.16    ,                 0.2,               10.1,                     ,                    ,                      , 
S2          , R_A_over_D         , Pb    , D         ,    0.0,    0.0,    0.5,      6.0,     2.36,     2.75, 1.67    , 0.17    , 0.27    ,                 0.2,               16.4,                     ,                    ,                      , 
S2          , R_A_over_D         , C     , D         ,    0.0,    0.0,    0.5,      7.0,     2.75,     3.14, 0.87    , 0.04    , 0.06    ,                 0.1,                6.6,                     ,                    ,                      , 
S2          , R_A_over_D         , Fe    , D         ,    0.0,    0.0,    0.5,      7.0,     2.75,     3.14, 0.88    , 0.04    , 0.1     ,                 0.1,               11.1,                     ,                    ,                      , 
S2          , R_A_over_D         , Pb    , D         ,    0.0,    0.0,    0.5,      7.0,     2.75,     3.14, 0.67    , 0.05    , 0.12    ,                 0.1,               18.0,                     ,                    ,                      , 
S2          , R_A_over_D         , C     , D         ,    1.0,    0.5,    1.0,      0.0,     0.0 ,     0.39, 4.54    , 0.67    , 0.36    ,                 5.3,                5.9,                     ,                    ,                      , 
S2          , R_A_over_D         , Fe    , D         ,    1.0,    0.5,    1.0,      0.0,     0.0 ,     0.39, 8.73    , 1.06    , 0.99    ,                 5.3,                   ,                     ,                    ,                      , 
S2          , R_A_over_D         , Pb    , D         ,    1.0,    0.5,    1.0,      0.0,     0.0 ,     0.39, 10.75   , 1.6     , 1.84    ,                 5.3,               16.3,                     ,                    ,                      , 
S2          , R_A_over_D         , C     , D         ,    1.0,    0.5,    1.0,      1.0,     0.39,     0.79, 3.17    , 0.44    , 0.21    ,                 3.3,                5.9,                     ,                    ,                      , 
S2          , R_A_over_D         , Fe    , D         ,    1.0,    0.5,    1.0,      1.0,     0.39,     0.79, 5.73    , 0.63    , 0.6     ,                 3.3,                   ,                     ,                    ,                      , 
S2          , R_A_over_D         , Pb    , D         ,    1.0,    0.5,    1.0,      1.0,     0.39,     0.79, 6.25    , 0.92    , 1.04    ,                 3.3,               16.3,                     ,                    ,                      , 
S2          , R_A_over_D         , C     , D         ,    1.0,    0.5,    1.0,      2.0,     0.79,     1.18, 4.3     , 0.47    , 0.3     ,                 3.7,                5.9,                     ,                    ,                      , 
S2          , R_A_over_D         , Fe    , D         ,    1.0,    0.5,    1.0,      2.0,     0.79,     1.18, 7.2     , 0.66    , 0.77    ,                 3.7,                   ,                     ,                    ,                      , 
S2          , R_A_over_D         , Pb    , D         ,    1.0,    0.5,    1.0,      2.0,     0.79,     1.18, 9.46    , 1.06    , 1.58    ,                 3.7,               16.3,                     ,                    ,                      , 
S2          , R_A_over_D         , C     , D         ,    1.0,    0.5,    1.0,      3.0,     1.18,     1.57, 2.75    , 0.22    , 0.18    ,                 2.4,                6.0,                     ,                    ,                      , 
S2          , R_A_over_D         , Fe    , D         ,    1.0,    0.5,    1.0,      3.0,     1.18,     1.57, 4.67    , 0.3     , 0.48    ,                 2.4,               10.1,                     ,                    ,                      , 
S2          , R_A_over_D         , Pb    , D         ,    1.0,    0.5,    1.0,      3.0,     1.18,     1.57, 5.57    , 0.48    , 0.92    ,                 2.4,               16.4,                     ,                    ,                      , 
S2          , R_A_over_D         , C     , D         ,    1.0,    0.5,    1.0,      4.0,     1.57,     1.96, 2.05    , 0.13    , 0.13    ,                 1.5,                6.0,                     ,                    ,                      , 
S2          , R_A_over_D         , Fe    , D         ,    1.0,    0.5,    1.0,      4.0,     1.57,     1.96, 3.26    , 0.17    , 0.33    ,                 1.5,               10.1,                     ,                    ,                      , 
S2          , R_A_over_D         , Pb    , D         ,    1.0,    0.5,    1.0,      4.0,     1.57,     1.96, 3.84    , 0.27    , 0.63    ,                 1.5,               16.4,                     ,                    ,                      , 
S2          , R_A_over_D         , C     , D         ,    1.0,    0.5,    1.0,      5.0,     1.96,     2.36, 1.91    , 0.09    , 0.11    ,                 0.4,                6.0,                     ,                    ,                      , 
S2          , R_A_over_D         , Fe    , D         ,    1.0,    0.5,    1.0,      5.0,     1.96,     2.36, 2.25    , 0.09    , 0.23    ,                 0.4,               10.1,                     ,                    ,                      , 
S2          , R_A_over_D         , Pb    , D         ,    1.0,    0.5,    1.0,      5.0,     1.96,     2.36, 2.3     , 0.13    , 0.38    ,                 0.4,               16.4,                     ,                    ,                      , 
S2          , R_A_over_D         , C     , D         ,    1.0,    0.5,    1.0,      6.0,     2.36,     2.75, 1.36    , 0.04    , 0.08    ,                 0.1,                6.0,                     ,                    ,                      , 
S2          , R_A_over_D         , Fe    , D         ,    1.0,    0.5,    1.0,      6.0,     2.36,     2.75, 1.4     , 0.04    , 0.14    ,                 0.1,               10.2,                     ,                    ,                      , 
S2          , R_A_over_D         , Pb    , D         ,    1.0,    0.5,    1.0,      6.0,     2.36,     2.75, 1.46    , 0.07    , 0.24    ,                 0.1,               16.6,                     ,                    ,                      , 
S2          , R_A_over_D         , C     , D         ,    1.0,    0.5,    1.0,      7.0,     2.75,     3.14, 0.95    , 0.02    , 0.06    ,                 0.1,                6.8,                     ,                    ,                      , 
S2          , R_A_over_D         , Fe    , D         ,    1.0,    0.5,    1.0,      7.0,     2.75,     3.14, 0.97    , 0.02    , 0.11    ,                 0.1,               11.4,                     ,                    ,                      , 
S2          , R_A_over_D         , Pb    , D         ,    1.0,    0.5,    1.0,      7.0,     2.75,     3.14, 0.85    , 0.03    , 0.16    ,                 0.1,               18.6,                     ,                    ,                      , 
S2          , R_A_over_D         , C     , D         ,    2.0,    1.0,    1.5,      0.0,     0.0 ,     0.39, 4.47    , 0.3     , 0.31    ,                 3.6,                5.9,                     ,                    ,                      , 
S2          , R_A_over_D         , Fe    , D         ,    2.0,    1.0,    1.5,      0.0,     0.0 ,     0.39, 7.33    , 0.42    , 0.78    ,                 3.6,                   ,                     ,                    ,                      , 
S2          , R_A_over_D         , Pb    , D         ,    2.0,    1.0,    1.5,      0.0,     0.0 ,     0.39, 8.67    , 0.63    , 1.45    ,                 3.6,               16.3,                     ,                    ,                      , 
S2          , R_A_over_D         , C     , D         ,    2.0,    1.0,    1.5,      1.0,     0.39,     0.79, 4.41    , 0.29    , 0.28    ,                 2.4,                5.9,                     ,                    ,                      , 
S2          , R_A_over_D         , Fe    , D         ,    2.0,    1.0,    1.5,      1.0,     0.39,     0.79, 6.33    , 0.36    , 0.65    ,                 2.4,                   ,                     ,                    ,                      , 
S2          , R_A_over_D         , Pb    , D         ,    2.0,    1.0,    1.5,      1.0,     0.39,     0.79, 7.18    , 0.53    , 1.18    ,                 2.4,               16.3,                     ,                    ,                      , 
S2          , R_A_over_D         , C     , D         ,    2.0,    1.0,    1.5,      2.0,     0.79,     1.18, 3.85    , 0.22    , 0.25    ,                 2.3,                6.0,                     ,                    ,                      , 
S2          , R_A_over_D         , Fe    , D         ,    2.0,    1.0,    1.5,      2.0,     0.79,     1.18, 5.69    , 0.28    , 0.59    ,                 2.3,               10.1,                     ,                    ,                      , 
S2          , R_A_over_D         , Pb    , D         ,    2.0,    1.0,    1.5,      2.0,     0.79,     1.18, 7.02    , 0.44    , 1.17    ,                 2.3,               16.5,                     ,                    ,                      , 
S2          , R_A_over_D         , C     , D         ,    2.0,    1.0,    1.5,      3.0,     1.18,     1.57, 2.85    , 0.13    , 0.17    ,                 1.4,                6.0,                     ,                    ,                      , 
S2          , R_A_over_D         , Fe    , D         ,    2.0,    1.0,    1.5,      3.0,     1.18,     1.57, 3.97    , 0.15    , 0.4     ,                 1.4,               10.1,                     ,                    ,                      , 
S2          , R_A_over_D         , Pb    , D         ,    2.0,    1.0,    1.5,      3.0,     1.18,     1.57, 4.26    , 0.23    , 0.7     ,                 1.4,               16.4,                     ,                    ,                      , 
S2          , R_A_over_D         , C     , D         ,    2.0,    1.0,    1.5,      4.0,     1.57,     1.96, 2.3     , 0.08    , 0.14    ,                 0.9,                6.0,                     ,                    ,                      , 
S2          , R_A_over_D         , Fe    , D         ,    2.0,    1.0,    1.5,      4.0,     1.57,     1.96, 3.03    , 0.09    , 0.31    ,                 0.9,               10.1,                     ,                    ,                      , 
S2          , R_A_over_D         , Pb    , D         ,    2.0,    1.0,    1.5,      4.0,     1.57,     1.96, 3.15    , 0.14    , 0.52    ,                 0.9,               16.5,                     ,                    ,                      , 
S2          , R_A_over_D         , C     , D         ,    2.0,    1.0,    1.5,      5.0,     1.96,     2.36, 1.82    , 0.05    , 0.11    ,                 0.5,                6.0,                     ,                    ,                      , 
S2          , R_A_over_D         , Fe    , D         ,    2.0,    1.0,    1.5,      5.0,     1.96,     2.36, 2.17    , 0.05    , 0.22    ,                 0.5,               10.1,                     ,                    ,                      , 
S2          , R_A_over_D         , Pb    , D         ,    2.0,    1.0,    1.5,      5.0,     1.96,     2.36, 2.24    , 0.08    , 0.37    ,                 0.5,               16.4,                     ,                    ,                      , 
S2          , R_A_over_D         , C     , D         ,    2.0,    1.0,    1.5,      6.0,     2.36,     2.75, 1.49    , 0.03    , 0.09    ,                 0.3,                6.1,                     ,                    ,                      , 
S2          , R_A_over_D         , Fe    , D         ,    2.0,    1.0,    1.5,      6.0,     2.36,     2.75, 1.67    , 0.03    , 0.17    ,                 0.3,               10.2,                     ,                    ,                      , 
S2          , R_A_over_D         , Pb    , D         ,    2.0,    1.0,    1.5,      6.0,     2.36,     2.75, 1.69    , 0.05    , 0.28    ,                 0.3,               16.6,                     ,                    ,                      , 
S2          , R_A_over_D         , C     , D         ,    2.0,    1.0,    1.5,      7.0,     2.75,     3.14, 1.18    , 0.02    , 0.08    ,                 0.2,                6.8,                     ,                    ,                      , 
S2          , R_A_over_D         , Fe    , D         ,    2.0,    1.0,    1.5,      7.0,     2.75,     3.14, 1.25    , 0.02    , 0.14    ,                 0.2,               11.6,                     ,                    ,                      , 
S2          , R_A_over_D         , Pb    , D         ,    2.0,    1.0,    1.5,      7.0,     2.75,     3.14, 1.22    , 0.03    , 0.23    ,                 0.2,               18.8,                     ,                    ,                      , 
S2          , R_A_over_D         , C     , D         ,    3.0,    1.5,    2.0,      0.0,     0.0 ,     0.39, 2.69    , 0.13    , 0.16    ,                 1.5,                5.9,                     ,                    ,                      , 
S2          , R_A_over_D         , Fe    , D         ,    3.0,    1.5,    2.0,      0.0,     0.0 ,     0.39, 3.89    , 0.16    , 0.39    ,                 1.5,                   ,                     ,                    ,                      , 
S2          , R_A_over_D         , Pb    , D         ,    3.0,    1.5,    2.0,      0.0,     0.0 ,     0.39, 4.24    , 0.24    , 0.7     ,                 1.5,               16.3,                     ,                    ,                      , 
S2          , R_A_over_D         , C     , D         ,    3.0,    1.5,    2.0,      1.0,     0.39,     0.79, 2.56    , 0.12    , 0.16    ,                 1.7,                6.0,                     ,                    ,                      , 
S2          , R_A_over_D         , Fe    , D         ,    3.0,    1.5,    2.0,      1.0,     0.39,     0.79, 3.86    , 0.15    , 0.4     ,                 1.7,               10.1,                     ,                    ,                      , 
S2          , R_A_over_D         , Pb    , D         ,    3.0,    1.5,    2.0,      1.0,     0.39,     0.79, 4.35    , 0.24    , 0.72    ,                 1.7,               16.5,                     ,                    ,                      , 
S2          , R_A_over_D         , C     , D         ,    3.0,    1.5,    2.0,      2.0,     0.79,     1.18, 2.51    , 0.12    , 0.15    ,                 1.4,                6.0,                     ,                    ,                      , 
S2          , R_A_over_D         , Fe    , D         ,    3.0,    1.5,    2.0,      2.0,     0.79,     1.18, 3.63    , 0.14    , 0.37    ,                 1.4,               10.1,                     ,                    ,                      , 
S2          , R_A_over_D         , Pb    , D         ,    3.0,    1.5,    2.0,      2.0,     0.79,     1.18, 3.95    , 0.21    , 0.65    ,                 1.4,               16.4,                     ,                    ,                      , 
S2          , R_A_over_D         , C     , D         ,    3.0,    1.5,    2.0,      3.0,     1.18,     1.57, 2.33    , 0.09    , 0.14    ,                 1.2,                6.0,                     ,                    ,                      , 
S2          , R_A_over_D         , Fe    , D         ,    3.0,    1.5,    2.0,      3.0,     1.18,     1.57, 3.3     , 0.11    , 0.34    ,                 1.2,               10.1,                     ,                    ,                      , 
S2          , R_A_over_D         , Pb    , D         ,    3.0,    1.5,    2.0,      3.0,     1.18,     1.57, 3.6     , 0.17    , 0.6     ,                 1.2,               16.5,                     ,                    ,                      , 
S2          , R_A_over_D         , C     , D         ,    3.0,    1.5,    2.0,      4.0,     1.57,     1.96, 2.04    , 0.06    , 0.12    ,                 0.7,                6.0,                     ,                    ,                      , 
S2          , R_A_over_D         , Fe    , D         ,    3.0,    1.5,    2.0,      4.0,     1.57,     1.96, 2.57    , 0.07    , 0.26    ,                 0.7,               10.1,                     ,                    ,                      , 
S2          , R_A_over_D         , Pb    , D         ,    3.0,    1.5,    2.0,      4.0,     1.57,     1.96, 2.66    , 0.11    , 0.44    ,                 0.7,               16.5,                     ,                    ,                      , 
S2          , R_A_over_D         , C     , D         ,    3.0,    1.5,    2.0,      5.0,     1.96,     2.36, 1.79    , 0.05    , 0.11    ,                 0.5,                6.0,                     ,                    ,                      , 
S2          , R_A_over_D         , Fe    , D         ,    3.0,    1.5,    2.0,      5.0,     1.96,     2.36, 2.2     , 0.05    , 0.22    ,                 0.5,               10.2,                     ,                    ,                      , 
S2          , R_A_over_D         , Pb    , D         ,    3.0,    1.5,    2.0,      5.0,     1.96,     2.36, 2.17    , 0.08    , 0.36    ,                 0.5,               16.6,                     ,                    ,                      , 
S2          , R_A_over_D         , C     , D         ,    3.0,    1.5,    2.0,      6.0,     2.36,     2.75, 1.7     , 0.04    , 0.1     ,                 0.3,                6.1,                     ,                    ,                      , 
S2          , R_A_over_D         , Fe    , D         ,    3.0,    1.5,    2.0,      6.0,     2.36,     2.75, 1.9     , 0.04    , 0.2     ,                 0.3,               10.3,                     ,                    ,                      , 
S2          , R_A_over_D         , Pb    , D         ,    3.0,    1.5,    2.0,      6.0,     2.36,     2.75, 1.89    , 0.06    , 0.32    ,                 0.3,               16.8,                     ,                    ,                      , 
S2          , R_A_over_D         , C     , D         ,    3.0,    1.5,    2.0,      7.0,     2.75,     3.14, 1.5     , 0.03    , 0.11    ,                 0.3,                7.0,                     ,                    ,                      , 
S2          , R_A_over_D         , Fe    , D         ,    3.0,    1.5,    2.0,      7.0,     2.75,     3.14, 1.65    , 0.03    , 0.2     ,                 0.3,               11.8,                     ,                    ,                      , 
S2          , R_A_over_D         , Pb    , D         ,    3.0,    1.5,    2.0,      7.0,     2.75,     3.14, 1.6     , 0.05    , 0.31    ,                 0.3,               19.3,                     ,                    ,                      , 
S2          , R_A_over_D         , C     , D         ,    4.0,    2.0,    2.5,      0.0,     0.0 ,     0.39, 1.7     , 0.1     , 0.1     ,                 0.9,                6.0,                     ,                    ,                      , 
S2          , R_A_over_D         , Fe    , D         ,    4.0,    2.0,    2.5,      0.0,     0.0 ,     0.39, 2.37    , 0.11    , 0.24    ,                 0.9,               10.1,                     ,                    ,                      , 
S2          , R_A_over_D         , Pb    , D         ,    4.0,    2.0,    2.5,      0.0,     0.0 ,     0.39, 2.39    , 0.17    , 0.39    ,                 0.9,               16.4,                     ,                    ,                      , 
S2          , R_A_over_D         , C     , D         ,    4.0,    2.0,    2.5,      1.0,     0.39,     0.79, 1.78    , 0.09    , 0.11    ,                 0.7,                6.0,                     ,                    ,                      , 
S2          , R_A_over_D         , Fe    , D         ,    4.0,    2.0,    2.5,      1.0,     0.39,     0.79, 2.29    , 0.1     , 0.23    ,                 0.7,               10.1,                     ,                    ,                      , 
S2          , R_A_over_D         , Pb    , D         ,    4.0,    2.0,    2.5,      1.0,     0.39,     0.79, 2.5     , 0.16    , 0.41    ,                 0.7,               16.4,                     ,                    ,                      , 
S2          , R_A_over_D         , C     , D         ,    4.0,    2.0,    2.5,      2.0,     0.79,     1.18, 1.97    , 0.1     , 0.12    ,                 0.8,                6.0,                     ,                    ,                      , 
S2          , R_A_over_D         , Fe    , D         ,    4.0,    2.0,    2.5,      2.0,     0.79,     1.18, 2.61    , 0.11    , 0.26    ,                 0.8,               10.1,                     ,                    ,                      , 
S2          , R_A_over_D         , Pb    , D         ,    4.0,    2.0,    2.5,      2.0,     0.79,     1.18, 2.14    , 0.14    , 0.35    ,                 0.8,               16.5,                     ,                    ,                      , 
S2          , R_A_over_D         , C     , D         ,    4.0,    2.0,    2.5,      3.0,     1.18,     1.57, 1.65    , 0.08    , 0.1     ,                 0.7,                6.0,                     ,                    ,                      , 
S2          , R_A_over_D         , Fe    , D         ,    4.0,    2.0,    2.5,      3.0,     1.18,     1.57, 2.22    , 0.09    , 0.23    ,                 0.7,               10.1,                     ,                    ,                      , 
S2          , R_A_over_D         , Pb    , D         ,    4.0,    2.0,    2.5,      3.0,     1.18,     1.57, 2.17    , 0.13    , 0.36    ,                 0.7,               16.5,                     ,                    ,                      , 
S2          , R_A_over_D         , C     , D         ,    4.0,    2.0,    2.5,      4.0,     1.57,     1.96, 1.6     , 0.07    , 0.1     ,                 0.7,                6.0,                     ,                    ,                      , 
S2          , R_A_over_D         , Fe    , D         ,    4.0,    2.0,    2.5,      4.0,     1.57,     1.96, 2.17    , 0.08    , 0.22    ,                 0.7,               10.2,                     ,                    ,                      , 
S2          , R_A_over_D         , Pb    , D         ,    4.0,    2.0,    2.5,      4.0,     1.57,     1.96, 2.31    , 0.12    , 0.38    ,                 0.7,               16.6,                     ,                    ,                      , 
S2          , R_A_over_D         , C     , D         ,    4.0,    2.0,    2.5,      5.0,     1.96,     2.36, 1.86    , 0.07    , 0.11    ,                 0.3,                6.0,                     ,                    ,                      , 
S2          , R_A_over_D         , Fe    , D         ,    4.0,    2.0,    2.5,      5.0,     1.96,     2.36, 2.04    , 0.07    , 0.21    ,                 0.3,               10.1,                     ,                    ,                      , 
S2          , R_A_over_D         , Pb    , D         ,    4.0,    2.0,    2.5,      5.0,     1.96,     2.36, 1.91    , 0.1     , 0.31    ,                 0.3,               16.5,                     ,                    ,                      , 
S2          , R_A_over_D         , C     , D         ,    4.0,    2.0,    2.5,      6.0,     2.36,     2.75, 1.6     , 0.06    , 0.1     ,                 0.5,                6.3,                     ,                    ,                      , 
S2          , R_A_over_D         , Fe    , D         ,    4.0,    2.0,    2.5,      6.0,     2.36,     2.75, 1.98    , 0.06    , 0.21    ,                 0.5,               10.6,                     ,                    ,                      , 
S2          , R_A_over_D         , Pb    , D         ,    4.0,    2.0,    2.5,      6.0,     2.36,     2.75, 1.79    , 0.09    , 0.31    ,                 0.5,               17.4,                     ,                    ,                      , 
S2          , R_A_over_D         , C     , D         ,    4.0,    2.0,    2.5,      7.0,     2.75,     3.14, 1.57    , 0.05    , 0.11    ,                 0.2,                7.0,                     ,                    ,                      , 
S2          , R_A_over_D         , Fe    , D         ,    4.0,    2.0,    2.5,      7.0,     2.75,     3.14, 1.71    , 0.05    , 0.2     ,                 0.2,               11.9,                     ,                    ,                      , 
S2          , R_A_over_D         , Pb    , D         ,    4.0,    2.0,    2.5,      7.0,     2.75,     3.14, 1.79    , 0.08    , 0.35    ,                 0.2,               19.4,                     ,                    ,                      , 
S2          , R_A_over_D         , C     , D         ,    5.0,    2.5,    3.0,      0.0,     0.0 ,     0.39, 2.08    , 0.16    , 0.13    ,                 0.5,                6.1,                     ,                    ,                      , 
S2          , R_A_over_D         , Fe    , D         ,    5.0,    2.5,    3.0,      0.0,     0.0 ,     0.39, 2.42    , 0.17    , 0.25    ,                 0.5,               10.2,                     ,                    ,                      , 
S2          , R_A_over_D         , Pb    , D         ,    5.0,    2.5,    3.0,      0.0,     0.0 ,     0.39, 2.48    , 0.25    , 0.41    ,                 0.5,               16.6,                     ,                    ,                      , 
S2          , R_A_over_D         , C     , D         ,    5.0,    2.5,    3.0,      1.0,     0.39,     0.79, 1.88    , 0.15    , 0.12    ,                 0.9,                6.0,                     ,                    ,                      , 
S2          , R_A_over_D         , Fe    , D         ,    5.0,    2.5,    3.0,      1.0,     0.39,     0.79, 2.57    , 0.17    , 0.26    ,                 0.9,               10.2,                     ,                    ,                      , 
S2          , R_A_over_D         , Pb    , D         ,    5.0,    2.5,    3.0,      1.0,     0.39,     0.79, 2.77    , 0.26    , 0.46    ,                 0.9,               16.6,                     ,                    ,                      , 
S2          , R_A_over_D         , C     , D         ,    5.0,    2.5,    3.0,      2.0,     0.79,     1.18, 2.15    , 0.16    , 0.13    ,                 0.7,                6.0,                     ,                    ,                      , 
S2          , R_A_over_D         , Fe    , D         ,    5.0,    2.5,    3.0,      2.0,     0.79,     1.18, 2.66    , 0.17    , 0.27    ,                 0.7,               10.1,                     ,                    ,                      , 
S2          , R_A_over_D         , Pb    , D         ,    5.0,    2.5,    3.0,      2.0,     0.79,     1.18, 2.23    , 0.23    , 0.37    ,                 0.7,               16.5,                     ,                    ,                      , 
S2          , R_A_over_D         , C     , D         ,    5.0,    2.5,    3.0,      3.0,     1.18,     1.57, 1.54    , 0.12    , 0.09    ,                 1.2,                6.0,                     ,                    ,                      , 
S2          , R_A_over_D         , Fe    , D         ,    5.0,    2.5,    3.0,      3.0,     1.18,     1.57, 2.49    , 0.15    , 0.25    ,                 1.2,               10.1,                     ,                    ,                      , 
S2          , R_A_over_D         , Pb    , D         ,    5.0,    2.5,    3.0,      3.0,     1.18,     1.57, 2.18    , 0.2     , 0.36    ,                 1.2,               16.5,                     ,                    ,                      , 
S2          , R_A_over_D         , C     , D         ,    5.0,    2.5,    3.0,      4.0,     1.57,     1.96, 1.76    , 0.12    , 0.11    ,                 0.6,                6.2,                     ,                    ,                      , 
S2          , R_A_over_D         , Fe    , D         ,    5.0,    2.5,    3.0,      4.0,     1.57,     1.96, 2.26    , 0.13    , 0.23    ,                 0.6,               10.4,                     ,                    ,                      , 
S2          , R_A_over_D         , Pb    , D         ,    5.0,    2.5,    3.0,      4.0,     1.57,     1.96, 2.08    , 0.19    , 0.35    ,                 0.6,               16.9,                     ,                    ,                      , 
S2          , R_A_over_D         , C     , D         ,    5.0,    2.5,    3.0,      5.0,     1.96,     2.36, 1.87    , 0.11    , 0.12    ,                 0.4,                6.2,                     ,                    ,                      , 
S2          , R_A_over_D         , Fe    , D         ,    5.0,    2.5,    3.0,      5.0,     1.96,     2.36, 2.21    , 0.12    , 0.23    ,                 0.4,               10.4,                     ,                    ,                      , 
S2          , R_A_over_D         , Pb    , D         ,    5.0,    2.5,    3.0,      5.0,     1.96,     2.36, 2.03    , 0.17    , 0.35    ,                 0.4,               17.0,                     ,                    ,                      , 
S2          , R_A_over_D         , C     , D         ,    5.0,    2.5,    3.0,      6.0,     2.36,     2.75, 1.65    , 0.1     , 0.11    ,                 0.6,                6.9,                     ,                    ,                      , 
S2          , R_A_over_D         , Fe    , D         ,    5.0,    2.5,    3.0,      6.0,     2.36,     2.75, 2.14    , 0.11    , 0.25    ,                 0.6,               11.6,                     ,                    ,                      , 
S2          , R_A_over_D         , Pb    , D         ,    5.0,    2.5,    3.0,      6.0,     2.36,     2.75, 1.8     , 0.15    , 0.34    ,                 0.6,               18.9,                     ,                    ,                      , 
S2          , R_A_over_D         , C     , D         ,    5.0,    2.5,    3.0,      7.0,     2.75,     3.14, 1.75    , 0.1     , 0.13    ,                 0.6,                7.5,                     ,                    ,                      , 
S2          , R_A_over_D         , Fe    , D         ,    5.0,    2.5,    3.0,      7.0,     2.75,     3.14, 2.24    , 0.11    , 0.28    ,                 0.6,               12.6,                     ,                    ,                      , 
S2          , R_A_over_D         , Pb    , D         ,    5.0,    2.5,    3.0,      7.0,     2.75,     3.14, 1.58    , 0.14    , 0.33    ,                 0.6,               20.6,                     ,                    ,                      , 
S3          , sigma_RMS_width_rad, D     ,           ,       ,    0.0,    3.0,         ,         ,         , 1.126   , 0.003   , 0.04    ,                    ,                   ,                     ,                    ,                      , 
S3          , sigma_RMS_width_rad, C     ,           ,       ,    0.0,    3.0,         ,         ,         , 1.319   , 0.005   , 0.044   ,                    ,                   ,                     ,                    ,                      , 
S3          , sigma_RMS_width_rad, Fe    ,           ,       ,    0.0,    3.0,         ,         ,         , 1.411   , 0.004   , 0.046   ,                    ,                   ,                     ,                    ,                      , 
S3          , sigma_RMS_width_rad, Pb    ,           ,       ,    0.0,    3.0,         ,         ,         , 1.452   , 0.006   , 0.048   ,                    ,                   ,                     ,                    ,                      , 
S3          , sigma_RMS_width_rad, D     ,           ,    0.0,    0.0,    0.5,         ,         ,         , 0.464   , 0.011   , 0.028   ,                 1.0,                2.9,                  4.3,                 0.6,                   2.7, 
S3          , sigma_RMS_width_rad, C     ,           ,    0.0,    0.0,    0.5,         ,         ,         , 0.841   , 0.025   , 0.035   ,                    ,                2.4,                  3.2,                 0.6,                   0.9, 
S3          , sigma_RMS_width_rad, Fe    ,           ,    0.0,    0.0,    0.5,         ,         ,         , 0.962   , 0.024   , 0.039   ,                    ,                2.5,                  3.0,                 0.6,                   0.7, 
S3          , sigma_RMS_width_rad, Pb    ,           ,    0.0,    0.0,    0.5,         ,         ,         , 1.013   , 0.039   , 0.038   ,                    ,                2.2,                  2.9,                 0.6,                   0.6, 
S3          , sigma_RMS_width_rad, D     ,           ,    1.0,    0.5,    1.0,         ,         ,         , 0.71    , 0.005   , 0.036   ,                 0.7,                3.4,                  3.5,                 0.6,                   1.3, 
S3          , sigma_RMS_width_rad, C     ,           ,    1.0,    0.5,    1.0,         ,         ,         , 0.987   , 0.012   , 0.041   ,                    ,                2.8,                  3.0,                 0.6,                   0.6, 
S3          , sigma_RMS_width_rad, Fe    ,           ,    1.0,    0.5,    1.0,         ,         ,         , 1.15    , 0.01    , 0.045   ,                    ,                2.7,                  2.8,                 0.6,                   0.4, 
S3          , sigma_RMS_width_rad, Pb    ,           ,    1.0,    0.5,    1.0,         ,         ,         , 1.23    , 0.017   , 0.046   ,                    ,                2.5,                  2.7,                 0.6,                   0.3, 
S3          , sigma_RMS_width_rad, D     ,           ,    2.0,    1.0,    1.5,         ,         ,         , 0.915   , 0.004   , 0.04    ,                 0.6,                2.9,                  3.1,                 0.6,                   0.8, 
S3          , sigma_RMS_width_rad, C     ,           ,    2.0,    1.0,    1.5,         ,         ,         , 1.224   , 0.008   , 0.044   ,                    ,                2.4,                  2.7,                 0.6,                   0.3, 
S3          , sigma_RMS_width_rad, Fe    ,           ,    2.0,    1.0,    1.5,         ,         ,         , 1.33    , 0.007   , 0.046   ,                    ,                2.2,                  2.6,                 0.6,                   0.2, 
S3          , sigma_RMS_width_rad, Pb    ,           ,    2.0,    1.0,    1.5,         ,         ,         , 1.383   , 0.011   , 0.048   ,                    ,                2.3,                  2.5,                 0.6,                   0.1, 
S3          , sigma_RMS_width_rad, D     ,           ,    3.0,    1.5,    2.0,         ,         ,         , 1.215   , 0.005   , 0.045   ,                 0.3,                2.5,                  2.7,                 0.6,                   0.3, 
S3          , sigma_RMS_width_rad, C     ,           ,    3.0,    1.5,    2.0,         ,         ,         , 1.369   , 0.008   , 0.047   ,                    ,                2.2,                  2.5,                 0.6,                   0.1, 
S3          , sigma_RMS_width_rad, Fe    ,           ,    3.0,    1.5,    2.0,         ,         ,         , 1.459   , 0.007   , 0.048   ,                    ,                2.1,                  2.4,                 0.6,                      , 
S3          , sigma_RMS_width_rad, Pb    ,           ,    3.0,    1.5,    2.0,         ,         ,         , 1.498   , 0.011   , 0.049   ,                    ,                2.2,                  2.4,                 0.6,                      , 
S3          , sigma_RMS_width_rad, D     ,           ,    4.0,    2.0,    2.5,         ,         ,         , 1.5     , 0.006   , 0.049   ,                 0.1,                2.1,                  2.4,                 0.6,                      , 
S3          , sigma_RMS_width_rad, C     ,           ,    4.0,    2.0,    2.5,         ,         ,         , 1.527   , 0.011   , 0.049   ,                    ,                2.1,                  2.4,                 0.6,                      , 
S3          , sigma_RMS_width_rad, Fe    ,           ,    4.0,    2.0,    2.5,         ,         ,         , 1.582   , 0.009   , 0.05    ,                    ,                2.0,                  2.3,                 0.6,                   0.1, 
S3          , sigma_RMS_width_rad, Pb    ,           ,    4.0,    2.0,    2.5,         ,         ,         , 1.589   , 0.015   , 0.052   ,                    ,                2.2,                  2.3,                 0.6,                   0.1, 
S3          , sigma_RMS_width_rad, D     ,           ,    5.0,    2.5,    3.0,         ,         ,         , 1.587   , 0.01    , 0.059   ,                    ,                2.8,                  2.3,                 0.6,                   0.1, 
S3          , sigma_RMS_width_rad, C     ,           ,    5.0,    2.5,    3.0,         ,         ,         , 1.635   , 0.017   , 0.061   ,                    ,                2.9,                  2.3,                 0.6,                   0.1, 
S3          , sigma_RMS_width_rad, Fe    ,           ,    5.0,    2.5,    3.0,         ,         ,         , 1.633   , 0.014   , 0.063   ,                    ,                3.0,                  2.3,                 0.6,                   0.1, 
S3          , sigma_RMS_width_rad, Pb    ,           ,    5.0,    2.5,    3.0,         ,         ,         , 1.707   , 0.024   , 0.062   ,                    ,                2.8,                  2.3,                 0.6,                   0.1, 
S4          , b_broadening_rad   , D     , C         ,       ,    0.0,    3.0,         ,         ,         , -0.686  , 0.01    , 0.031   ,                    ,                   ,                     ,                    ,                      , 
S4          , b_broadening_rad   , Fe    , C         ,       ,    0.0,    3.0,         ,         ,         , 0.501   , 0.016   , 0.02    ,                    ,                   ,                     ,                    ,                      , 
S4          , b_broadening_rad   , Pb    , C         ,       ,    0.0,    3.0,         ,         ,         , 0.607   , 0.018   , 0.026   ,                    ,                   ,                     ,                    ,                      , 
S4          , b_broadening_rad   , D     , C         ,    0.0,    0.0,    0.5,         ,         ,         , -0.701  , 0.03    , 0.029   ,                 0.4,                2.2,                  3.5,                    ,                   0.4, 
S4          , b_broadening_rad   , Fe    , C         ,    0.0,    0.0,    0.5,         ,         ,         , 0.468   , 0.066   , 0.021   ,                    ,                2.7,                  3.5,                    ,                   0.6, 
S4          , b_broadening_rad   , Pb    , C         ,    0.0,    0.0,    0.5,         ,         ,         , 0.565   , 0.079   , 0.022   ,                    ,                1.8,                  3.5,                    ,                   0.5, 
S4          , b_broadening_rad   , D     , C         ,    1.0,    0.5,    1.0,         ,         ,         , -0.685  , 0.018   , 0.028   ,                 0.9,                2.4,                  3.5,                    ,                   0.5, 
S4          , b_broadening_rad   , Fe    , C         ,    1.0,    0.5,    1.0,         ,         ,         , 0.591   , 0.028   , 0.024   ,                    ,                2.2,                  3.5,                    ,                   0.5, 
S4          , b_broadening_rad   , Pb    , C         ,    1.0,    0.5,    1.0,         ,         ,         , 0.735   , 0.032   , 0.029   ,                    ,                1.9,                  3.5,                    ,                   0.4, 
S4          , b_broadening_rad   , D     , C         ,    2.0,    1.0,    1.5,         ,         ,         , -0.813  , 0.013   , 0.031   ,                 0.7,                1.7,                  3.5,                    ,                   0.4, 
S4          , b_broadening_rad   , Fe    , C         ,    2.0,    1.0,    1.5,         ,         ,         , 0.521   , 0.026   , 0.02    ,                    ,                1.5,                  3.5,                    ,                   0.6, 
S4          , b_broadening_rad   , Pb    , C         ,    2.0,    1.0,    1.5,         ,         ,         , 0.645   , 0.029   , 0.026   ,                    ,                1.9,                  3.5,                    ,                   0.5, 
S4          , b_broadening_rad   , D     , C         ,    3.0,    1.5,    2.0,         ,         ,         , -0.632  , 0.02    , 0.024   ,                 1.2,                1.3,                  3.5,                    ,                   0.5, 
S4          , b_broadening_rad   , Fe    , C         ,    3.0,    1.5,    2.0,         ,         ,         , 0.502   , 0.03    , 0.019   ,                    ,                1.1,                  3.5,                    ,                   0.6, 
S4          , b_broadening_rad   , Pb    , C         ,    3.0,    1.5,    2.0,         ,         ,         , 0.609   , 0.033   , 0.024   ,                    ,                1.8,                  3.5,                    ,                   0.5, 
S4          , b_broadening_rad   , D     , C         ,    4.0,    2.0,    2.5,         ,         ,         , -0.287  , 0.066   , 0.014   ,                 2.9,                2.1,                  3.5,                    ,                   1.0, 
S4          , b_broadening_rad   , Fe    , C         ,    4.0,    2.0,    2.5,         ,         ,         , 0.41    , 0.053   , 0.015   ,                    ,                0.7,                  3.5,                    ,                   0.7, 
S4          , b_broadening_rad   , Pb    , C         ,    4.0,    2.0,    2.5,         ,         ,         , 0.436   , 0.067   , 0.023   ,                    ,                4.0,                  3.5,                    ,                   0.7, 
S4          , b_broadening_rad   , D     , C         ,    5.0,    2.5,    3.0,         ,         ,         , -0.396  , 0.082   , 0.022   ,                 0.2,                3.7,                  3.5,                    ,                   0.7, 
S4          , b_broadening_rad   , Fe    , C         ,    5.0,    2.5,    3.0,         ,         ,         , -0.081  , 0.445   , 0.054   ,                    ,               67.1,                  3.5,                    ,                   3.7, 
S4          , b_broadening_rad   , Pb    , C         ,    5.0,    2.5,    3.0,         ,         ,         , 0.49    , 0.102   , 0.019   ,                    ,                1.8,                  3.5,                    ,                   0.6, 
